interval_start,trade_id,market_id,side,entry_odds,fair_probability,edge,btc_price_entry,btc_price_close,bet_size,balance_before,balance_after,outcome,payout,profit_loss,resolved_outcome,mode
2025-12-06T20:00:00+00:00,BT-00001,SYN-202512062000,DOWN,0.4858,0.5200,0.0438,89467.79,89392.44,3.00,100.00,103.11,WIN,6.11,3.11,DOWN,BACKTEST
2025-12-06T23:00:00+00:00,BT-00002,SYN-202512062300,DOWN,0.4680,0.5200,0.0631,89285.93,89171.92,3.09,103.11,106.56,WIN,6.54,3.45,DOWN,BACKTEST
2025-12-06T23:45:00+00:00,BT-00003,SYN-202512062345,UP,0.4892,0.5200,0.0404,89097.99,89236.79,3.20,106.56,109.84,WIN,6.48,3.28,UP,BACKTEST
2025-12-07T12:45:00+00:00,BT-00004,SYN-202512071245,UP,0.4927,0.5500,0.0693,89325.19,89475.90,3.30,109.84,113.17,WIN,6.63,3.33,UP,BACKTEST
2025-12-07T14:30:00+00:00,BT-00005,SYN-202512071430,DOWN,0.4748,0.5200,0.0551,87920.99,88236.09,3.39,113.17,109.78,LOSS,0.00,-3.39,UP,BACKTEST
2025-12-07T15:15:00+00:00,BT-00006,SYN-202512071515,DOWN,0.4853,0.5200,0.0443,88868.79,88735.39,3.29,109.78,113.20,WIN,6.71,3.42,DOWN,BACKTEST
2025-12-07T16:00:00+00:00,BT-00007,SYN-202512071600,DOWN,0.4895,0.5500,0.0731,89554.52,89233.60,3.40,113.20,116.68,WIN,6.88,3.48,DOWN,BACKTEST
2025-12-07T17:00:00+00:00,BT-00008,SYN-202512071700,DOWN,0.4770,0.5200,0.0526,89893.39,89883.63,3.50,116.68,120.44,WIN,7.26,3.76,DOWN,BACKTEST
2025-12-07T17:30:00+00:00,BT-00009,SYN-202512071730,UP,0.4962,0.5500,0.0652,90723.90,90854.88,3.61,120.44,124.03,WIN,7.20,3.59,UP,BACKTEST
2025-12-07T18:15:00+00:00,BT-00010,SYN-202512071815,UP,0.5217,0.5500,0.0379,91327.99,91574.89,3.72,124.03,127.37,WIN,7.06,3.34,UP,BACKTEST
2025-12-07T20:30:00+00:00,BT-00011,SYN-202512072030,DOWN,0.4766,0.5200,0.0530,91430.10,91490.93,3.82,127.37,123.55,LOSS,0.00,-3.82,UP,BACKTEST
2025-12-07T21:45:00+00:00,BT-00012,SYN-202512072145,DOWN,0.4826,0.5500,0.0811,90529.93,90231.32,3.71,123.55,127.45,WIN,7.61,3.90,DOWN,BACKTEST
2025-12-08T01:30:00+00:00,BT-00013,SYN-202512080130,UP,0.4925,0.5500,0.0695,91142.58,91253.86,3.82,127.45,131.31,WIN,7.68,3.86,UP,BACKTEST
2025-12-08T03:00:00+00:00,BT-00014,SYN-202512080300,DOWN,0.4742,0.5200,0.0558,91364.18,91155.48,3.94,131.31,135.60,WIN,8.23,4.29,DOWN,BACKTEST
2025-12-08T05:00:00+00:00,BT-00015,SYN-202512080500,DOWN,0.5083,0.5500,0.0513,91291.33,91113.37,4.07,135.60,139.45,WIN,7.93,3.86,DOWN,BACKTEST
2025-12-08T09:00:00+00:00,BT-00016,SYN-202512080900,UP,0.4933,0.5200,0.0363,91833.89,92077.86,4.18,139.45,143.66,WIN,8.39,4.21,UP,BACKTEST
2025-12-08T11:00:00+00:00,BT-00017,SYN-202512081100,DOWN,0.4934,0.5200,0.0362,92133.39,92147.72,4.31,143.66,139.35,LOSS,0.00,-4.31,UP,BACKTEST
2025-12-08T11:30:00+00:00,BT-00018,SYN-202512081130,DOWN,0.4886,0.5200,0.0410,92040.21,91925.53,4.18,139.35,143.64,WIN,8.47,4.29,DOWN,BACKTEST
2025-12-08T14:30:00+00:00,BT-00019,SYN-202512081430,UP,0.4935,0.5500,0.0683,91369.83,91516.68,4.31,143.64,147.98,WIN,8.65,4.34,UP,BACKTEST
2025-12-08T15:15:00+00:00,BT-00020,SYN-202512081515,UP,0.4852,0.5200,0.0444,90239.17,89981.15,4.44,147.98,143.54,LOSS,0.00,-4.44,DOWN,BACKTEST
2025-12-08T16:00:00+00:00,BT-00021,SYN-202512081600,DOWN,0.5238,0.5500,0.0358,89961.36,89950.01,4.31,143.54,147.37,WIN,8.15,3.84,DOWN,BACKTEST
2025-12-08T16:45:00+00:00,BT-00022,SYN-202512081645,DOWN,0.4829,0.5200,0.0467,90279.98,89978.48,4.42,147.37,152.02,WIN,9.06,4.64,DOWN,BACKTEST
2025-12-08T17:15:00+00:00,BT-00023,SYN-202512081715,DOWN,0.4848,0.5200,0.0448,90131.46,89964.92,4.56,152.02,156.77,WIN,9.31,4.75,DOWN,BACKTEST
2025-12-08T18:45:00+00:00,BT-00024,SYN-202512081845,DOWN,0.4847,0.5200,0.0449,90418.27,89921.68,4.70,156.77,161.67,WIN,9.60,4.90,DOWN,BACKTEST
2025-12-09T00:30:00+00:00,BT-00025,SYN-202512090030,DOWN,0.5214,0.5500,0.0382,90690.79,90440.49,4.85,161.67,166.03,WIN,9.21,4.36,DOWN,BACKTEST
2025-12-09T02:00:00+00:00,BT-00026,SYN-202512090200,UP,0.4901,0.5200,0.0395,90055.80,90118.02,4.98,166.03,171.11,WIN,10.06,5.08,UP,BACKTEST
2025-12-09T03:30:00+00:00,BT-00027,SYN-202512090330,UP,0.5201,0.5500,0.0395,90030.00,90355.20,5.13,171.11,175.74,WIN,9.77,4.64,UP,BACKTEST
2025-12-09T04:30:00+00:00,BT-00028,SYN-202512090430,DOWN,0.5132,0.5500,0.0464,90400.47,89921.88,5.27,175.74,180.64,WIN,10.17,4.90,DOWN,BACKTEST
2025-12-09T05:30:00+00:00,BT-00029,SYN-202512090530,UP,0.4876,0.5200,0.0420,89862.48,90103.82,5.42,180.64,186.22,WIN,11.00,5.58,UP,BACKTEST
2025-12-09T07:15:00+00:00,BT-00030,SYN-202512090715,UP,0.4849,0.5200,0.0447,90115.99,90363.13,5.59,186.22,192.04,WIN,11.41,5.82,UP,BACKTEST
2025-12-09T09:00:00+00:00,BT-00031,SYN-202512090900,DOWN,0.4714,0.5200,0.0590,90498.72,90436.65,5.76,192.04,198.38,WIN,12.10,6.34,DOWN,BACKTEST
2025-12-09T12:15:00+00:00,BT-00032,SYN-202512091215,UP,0.4897,0.5500,0.0728,90354.26,90556.00,5.95,198.38,204.46,WIN,12.03,6.08,UP,BACKTEST
2025-12-09T15:15:00+00:00,BT-00033,SYN-202512091515,UP,0.5236,0.5500,0.0360,90599.99,91148.57,6.13,204.46,209.92,WIN,11.59,5.46,UP,BACKTEST
2025-12-09T15:45:00+00:00,BT-00034,SYN-202512091545,DOWN,0.4833,0.5200,0.0463,92050.90,92707.51,6.30,209.92,203.62,LOSS,0.00,-6.30,UP,BACKTEST
2025-12-09T16:30:00+00:00,BT-00035,SYN-202512091630,UP,0.5174,0.5500,0.0422,93376.78,94228.67,6.11,203.62,209.20,WIN,11.69,5.58,UP,BACKTEST
2025-12-09T17:15:00+00:00,BT-00036,SYN-202512091715,DOWN,0.4921,0.5500,0.0700,94223.27,93757.64,6.28,209.20,215.55,WIN,12.63,6.35,DOWN,BACKTEST
2025-12-09T18:30:00+00:00,BT-00037,SYN-202512091830,DOWN,0.4716,0.5200,0.0588,94121.01,93895.63,6.47,215.55,222.66,WIN,13.58,7.11,DOWN,BACKTEST
2025-12-09T20:15:00+00:00,BT-00038,SYN-202512092015,DOWN,0.4724,0.5500,0.0932,93705.61,93080.12,6.68,222.66,229.98,WIN,14.00,7.32,DOWN,BACKTEST
2025-12-09T21:30:00+00:00,BT-00039,SYN-202512092130,DOWN,0.4691,0.5200,0.0618,93106.27,92679.71,6.90,229.98,237.64,WIN,14.56,7.66,DOWN,BACKTEST
2025-12-09T22:30:00+00:00,BT-00040,SYN-202512092230,UP,0.5176,0.5500,0.0420,92506.68,92950.30,7.13,237.64,244.15,WIN,13.64,6.51,UP,BACKTEST
2025-12-09T23:00:00+00:00,BT-00041,SYN-202512092300,DOWN,0.4714,0.5200,0.0591,92884.00,92587.81,7.32,244.15,252.21,WIN,15.37,8.05,DOWN,BACKTEST
2025-12-10T00:15:00+00:00,BT-00042,SYN-202512100015,DOWN,0.4925,0.5500,0.0695,92700.33,92530.55,7.57,252.21,259.85,WIN,15.22,7.65,DOWN,BACKTEST
2025-12-10T00:45:00+00:00,BT-00043,SYN-202512100045,DOWN,0.5228,0.5500,0.0368,92486.93,92130.81,7.80,259.85,266.82,WIN,14.77,6.97,DOWN,BACKTEST
2025-12-10T01:30:00+00:00,BT-00044,SYN-202512100130,DOWN,0.5042,0.5500,0.0557,92276.93,92253.49,8.00,266.82,274.53,WIN,15.71,7.71,DOWN,BACKTEST
2025-12-10T02:00:00+00:00,BT-00045,SYN-202512100200,DOWN,0.4871,0.5500,0.0759,92316.35,92228.57,8.24,274.53,283.04,WIN,16.75,8.51,DOWN,BACKTEST
2025-12-10T04:15:00+00:00,BT-00046,SYN-202512100415,UP,0.4891,0.5200,0.0405,92494.90,92434.90,8.49,283.04,274.55,LOSS,0.00,-8.49,DOWN,BACKTEST
2025-12-10T08:30:00+00:00,BT-00047,SYN-202512100830,DOWN,0.4781,0.5200,0.0515,92677.56,92607.14,8.24,274.55,283.37,WIN,17.06,8.82,DOWN,BACKTEST
2025-12-10T09:45:00+00:00,BT-00048,SYN-202512100945,UP,0.4957,0.5500,0.0657,92605.19,92920.01,8.50,283.37,291.84,WIN,16.98,8.48,UP,BACKTEST
2025-12-10T15:00:00+00:00,BT-00049,SYN-202512101500,UP,0.4895,0.5200,0.0401,91831.24,92092.82,8.76,291.84,300.80,WIN,17.72,8.96,UP,BACKTEST
2025-12-10T16:00:00+00:00,BT-00050,SYN-202512101600,DOWN,0.4844,0.5200,0.0452,92063.69,92239.09,9.02,300.80,291.78,LOSS,0.00,-9.02,UP,BACKTEST
2025-12-10T16:30:00+00:00,BT-00051,SYN-202512101630,DOWN,0.5163,0.5500,0.0433,92484.48,92363.03,8.75,291.78,299.81,WIN,16.78,8.03,DOWN,BACKTEST
2025-12-10T17:15:00+00:00,BT-00052,SYN-202512101715,UP,0.5129,0.5500,0.0467,92237.57,92316.04,8.99,299.81,308.17,WIN,17.35,8.36,UP,BACKTEST
2025-12-10T18:00:00+00:00,BT-00053,SYN-202512101800,DOWN,0.4910,0.5200,0.0386,92396.23,92401.28,9.25,308.17,298.92,LOSS,0.00,-9.25,UP,BACKTEST
2025-12-10T18:45:00+00:00,BT-00054,SYN-202512101845,UP,0.4836,0.5500,0.0799,92582.12,92503.48,8.97,298.92,289.95,LOSS,0.00,-8.97,DOWN,BACKTEST
2025-12-10T19:15:00+00:00,BT-00055,SYN-202512101915,DOWN,0.5040,0.5500,0.0560,93001.71,92467.72,8.70,289.95,298.34,WIN,17.09,8.39,DOWN,BACKTEST
2025-12-10T20:00:00+00:00,BT-00056,SYN-202512102000,DOWN,0.5091,0.5500,0.0505,92957.67,94252.99,8.95,298.34,289.39,LOSS,0.00,-8.95,UP,BACKTEST
2025-12-10T20:45:00+00:00,BT-00057,SYN-202512102045,DOWN,0.4727,0.5500,0.0928,93696.51,92453.89,8.68,289.39,298.89,WIN,18.18,9.50,DOWN,BACKTEST
2025-12-10T22:00:00+00:00,BT-00058,SYN-202512102200,UP,0.4931,0.5200,0.0365,92356.39,92190.80,8.97,298.89,289.92,LOSS,0.00,-8.97,DOWN,BACKTEST
2025-12-10T23:00:00+00:00,BT-00059,SYN-202512102300,DOWN,0.4719,0.5200,0.0584,92509.94,92315.35,8.70,289.92,299.47,WIN,18.25,9.55,DOWN,BACKTEST
2025-12-11T00:30:00+00:00,BT-00060,SYN-202512110030,DOWN,0.4770,0.5200,0.0526,91767.46,91271.88,8.98,299.47,309.13,WIN,18.64,9.66,DOWN,BACKTEST
2025-12-11T01:00:00+00:00,BT-00061,SYN-202512110100,DOWN,0.5036,0.5500,0.0564,91386.17,90987.92,9.27,309.13,318.08,WIN,18.22,8.95,DOWN,BACKTEST
2025-12-11T02:00:00+00:00,BT-00062,SYN-202512110200,DOWN,0.4973,0.5500,0.0639,90674.75,90239.11,9.54,318.08,327.53,WIN,18.99,9.45,DOWN,BACKTEST
2025-12-11T03:30:00+00:00,BT-00063,SYN-202512110330,DOWN,0.4828,0.5200,0.0468,89737.48,89820.44,9.83,327.53,317.70,LOSS,0.00,-9.83,UP,BACKTEST
2025-12-11T04:00:00+00:00,BT-00064,SYN-202512110400,DOWN,0.4654,0.5200,0.0661,89880.00,90053.24,9.53,317.70,308.17,LOSS,0.00,-9.53,UP,BACKTEST
2025-12-11T13:30:00+00:00,BT-00065,SYN-202512111330,DOWN,0.4725,0.5200,0.0577,90051.66,90042.29,9.25,308.17,318.30,WIN,19.38,10.13,DOWN,BACKTEST
2025-12-11T14:30:00+00:00,BT-00066,SYN-202512111430,DOWN,0.4761,0.5500,0.0888,90139.20,90281.91,9.55,318.30,308.75,LOSS,0.00,-9.55,UP,BACKTEST
2025-12-11T15:00:00+00:00,BT-00067,SYN-202512111500,UP,0.5240,0.5500,0.0356,89545.23,90112.02,9.26,308.75,316.98,WIN,17.49,8.23,UP,BACKTEST
2025-12-11T15:30:00+00:00,BT-00068,SYN-202512111530,DOWN,0.4691,0.5200,0.0617,90251.24,89806.84,9.51,316.98,327.54,WIN,20.07,10.56,DOWN,BACKTEST
2025-12-11T18:45:00+00:00,BT-00069,SYN-202512111845,DOWN,0.5022,0.5500,0.0582,91169.65,90710.50,9.83,327.54,337.09,WIN,19.38,9.55,DOWN,BACKTEST
2025-12-11T19:15:00+00:00,BT-00070,SYN-202512111915,UP,0.4840,0.5200,0.0456,90792.00,91124.59,10.00,337.09,347.55,WIN,20.45,10.45,UP,BACKTEST
2025-12-11T20:00:00+00:00,BT-00071,SYN-202512112000,UP,0.5062,0.5500,0.0534,90839.81,91356.17,10.00,347.55,357.10,WIN,19.56,9.56,UP,BACKTEST
2025-12-11T20:30:00+00:00,BT-00072,SYN-202512112030,UP,0.5209,0.5500,0.0387,91055.17,91573.46,10.00,357.10,366.11,WIN,19.01,9.01,UP,BACKTEST
2025-12-11T21:15:00+00:00,BT-00073,SYN-202512112115,UP,0.5143,0.5500,0.0453,92461.40,93280.01,10.00,366.11,375.36,WIN,19.25,9.25,UP,BACKTEST
2025-12-11T21:45:00+00:00,BT-00074,SYN-202512112145,DOWN,0.4830,0.5200,0.0466,93174.37,92858.39,10.00,375.36,385.86,WIN,20.50,10.50,DOWN,BACKTEST
2025-12-11T22:15:00+00:00,BT-00075,SYN-202512112215,DOWN,0.4822,0.5500,0.0816,92934.37,92333.12,10.00,385.86,396.39,WIN,20.53,10.53,DOWN,BACKTEST
2025-12-11T22:45:00+00:00,BT-00076,SYN-202512112245,DOWN,0.5018,0.5500,0.0586,92392.51,92352.00,10.00,396.39,406.12,WIN,19.73,9.73,DOWN,BACKTEST
2025-12-12T01:15:00+00:00,BT-00077,SYN-202512120115,UP,0.5044,0.5500,0.0555,91810.62,92097.09,10.00,406.12,415.74,WIN,19.63,9.63,UP,BACKTEST
2025-12-12T02:00:00+00:00,BT-00078,SYN-202512120200,DOWN,0.4704,0.5200,0.0602,92170.00,92392.01,10.00,415.74,405.74,LOSS,0.00,-10.00,UP,BACKTEST
2025-12-12T06:45:00+00:00,BT-00079,SYN-202512120645,DOWN,0.4791,0.5200,0.0505,92575.22,92513.34,10.00,405.74,416.41,WIN,20.66,10.66,DOWN,BACKTEST
2025-12-12T07:15:00+00:00,BT-00080,SYN-202512120715,DOWN,0.4844,0.5200,0.0452,92507.35,92377.80,10.00,416.41,426.84,WIN,20.44,10.44,DOWN,BACKTEST
2025-12-12T13:15:00+00:00,BT-00081,SYN-202512121315,UP,0.4844,0.5200,0.0452,92369.12,92280.33,10.00,426.84,416.84,LOSS,0.00,-10.00,DOWN,BACKTEST
2025-12-12T14:30:00+00:00,BT-00082,SYN-202512121430,UP,0.5054,0.5500,0.0544,92126.94,92450.23,10.00,416.84,426.43,WIN,19.59,9.59,UP,BACKTEST
2025-12-12T15:15:00+00:00,BT-00083,SYN-202512121515,DOWN,0.4958,0.5500,0.0656,91982.53,90842.70,10.00,426.43,436.40,WIN,19.97,9.97,DOWN,BACKTEST
2025-12-12T16:00:00+00:00,BT-00084,SYN-202512121600,DOWN,0.5069,0.5500,0.0527,89935.13,89972.70,10.00,436.40,426.40,LOSS,0.00,-10.00,UP,BACKTEST
2025-12-12T16:30:00+00:00,BT-00085,SYN-202512121630,DOWN,0.4756,0.5500,0.0894,90409.16,89652.01,10.00,426.40,437.22,WIN,20.82,10.82,DOWN,BACKTEST
2025-12-12T18:15:00+00:00,BT-00086,SYN-202512121815,UP,0.5210,0.5500,0.0386,90310.00,90540.86,10.00,437.22,446.22,WIN,19.00,9.00,UP,BACKTEST
2025-12-12T18:45:00+00:00,BT-00087,SYN-202512121845,UP,0.4806,0.5200,0.0490,90438.09,90372.00,10.00,446.22,436.22,LOSS,0.00,-10.00,DOWN,BACKTEST
2025-12-12T20:15:00+00:00,BT-00088,SYN-202512122015,UP,0.5105,0.5500,0.0491,90039.01,90020.49,10.00,436.22,426.22,LOSS,0.00,-10.00,DOWN,BACKTEST
2025-12-13T21:30:00+00:00,BT-00089,SYN-202512132130,DOWN,0.4738,0.5200,0.0562,89962.33,90051.02,10.00,426.22,416.22,LOSS,0.00,-10.00,UP,BACKTEST
2025-12-14T00:00:00+00:00,BT-00090,SYN-202512140000,DOWN,0.4831,0.5200,0.0465,90240.00,90268.18,10.00,416.22,406.22,LOSS,0.00,-10.00,UP,BACKTEST
2025-12-14T12:00:00+00:00,BT-00091,SYN-202512141200,DOWN,0.4929,0.5500,0.0691,89360.01,89322.76,10.00,406.22,416.30,WIN,20.09,10.09,DOWN,BACKTEST
2025-12-14T16:30:00+00:00,BT-00092,SYN-202512141630,DOWN,0.4882,0.5500,0.0746,89261.12,88815.67,10.00,416.30,426.58,WIN,20.28,10.28,DOWN,BACKTEST
2025-12-14T17:00:00+00:00,BT-00093,SYN-202512141700,UP,0.4845,0.5200,0.0451,88836.99,88685.36,10.00,426.58,416.58,LOSS,0.00,-10.00,DOWN,BACKTEST
2025-12-14T19:15:00+00:00,BT-00094,SYN-202512141915,DOWN,0.4966,0.5500,0.0648,88748.98,88711.11,10.00,416.58,426.52,WIN,19.94,9.94,DOWN,BACKTEST
2025-12-14T22:15:00+00:00,BT-00095,SYN-202512142215,DOWN,0.4677,0.5200,0.0634,88506.93,88382.68,10.00,426.52,437.69,WIN,21.17,11.17,DOWN,BACKTEST
2025-12-14T23:30:00+00:00,BT-00096,SYN-202512142330,DOWN,0.4859,0.5500,0.0773,88026.44,88038.44,10.00,437.69,427.69,LOSS,0.00,-10.00,UP,BACKTEST
2025-12-15T01:30:00+00:00,BT-00097,SYN-202512150130,UP,0.5014,0.5500,0.0591,88706.33,89078.19,10.00,427.69,437.43,WIN,19.75,9.75,UP,BACKTEST
2025-12-15T02:15:00+00:00,BT-00098,SYN-202512150215,UP,0.5244,0.5500,0.0352,89529.81,89688.70,10.00,437.43,446.31,WIN,18.88,8.88,UP,BACKTEST
2025-12-15T02:45:00+00:00,BT-00099,SYN-202512150245,DOWN,0.4930,0.5500,0.0689,89451.07,89321.85,10.00,446.31,456.39,WIN,20.08,10.08,DOWN,BACKTEST
2025-12-15T08:00:00+00:00,BT-00100,SYN-202512150800,DOWN,0.4738,0.5200,0.0562,89753.43,89707.98,10.00,456.39,467.29,WIN,20.89,10.89,DOWN,BACKTEST
2025-12-15T09:00:00+00:00,BT-00101,SYN-202512150900,UP,0.4822,0.5200,0.0474,89770.00,89848.57,10.00,467.29,477.81,WIN,20.53,10.53,UP,BACKTEST
2025-12-15T14:30:00+00:00,BT-00102,SYN-202512151430,DOWN,0.4927,0.5500,0.0693,89390.18,89261.77,10.00,477.81,487.91,WIN,20.09,10.09,DOWN,BACKTEST
2025-12-15T15:00:00+00:00,BT-00103,SYN-202512151500,DOWN,0.5179,0.5500,0.0417,88050.00,87476.92,10.00,487.91,497.02,WIN,19.12,9.12,DOWN,BACKTEST
2025-12-15T15:45:00+00:00,BT-00104,SYN-202512151545,DOWN,0.4917,0.5200,0.0379,87203.55,87033.22,10.00,497.02,507.16,WIN,20.14,10.14,DOWN,BACKTEST
2025-12-15T16:30:00+00:00,BT-00105,SYN-202512151630,DOWN,0.4980,0.5500,0.0630,86910.81,86330.04,10.00,507.16,517.04,WIN,19.88,9.88,DOWN,BACKTEST
2025-12-15T17:30:00+00:00,BT-00106,SYN-202512151730,DOWN,0.4826,0.5500,0.0812,86194.42,85842.29,10.00,517.04,527.55,WIN,20.51,10.51,DOWN,BACKTEST
2025-12-15T18:15:00+00:00,BT-00107,SYN-202512151815,DOWN,0.4815,0.5200,0.0481,85889.15,85586.01,10.00,527.55,538.11,WIN,20.56,10.56,DOWN,BACKTEST
2025-12-15T19:45:00+00:00,BT-00108,SYN-202512151945,DOWN,0.4685,0.5200,0.0625,86201.99,86149.96,10.00,538.11,549.25,WIN,21.13,11.13,DOWN,BACKTEST
2025-12-15T20:30:00+00:00,BT-00109,SYN-202512152030,UP,0.4878,0.5500,0.0751,85746.51,85932.57,10.00,549.25,559.54,WIN,20.30,10.30,UP,BACKTEST
2025-12-15T22:00:00+00:00,BT-00110,SYN-202512152200,DOWN,0.4959,0.5500,0.0655,86243.77,86045.29,10.00,559.54,569.51,WIN,19.96,9.96,DOWN,BACKTEST
2025-12-15T23:45:00+00:00,BT-00111,SYN-202512152345,DOWN,0.4751,0.5200,0.0547,86472.69,86432.08,10.00,569.51,580.35,WIN,20.84,10.84,DOWN,BACKTEST
2025-12-16T03:30:00+00:00,BT-00112,SYN-202512160330,DOWN,0.4914,0.5500,0.0708,85711.71,85786.65,10.00,580.35,570.35,LOSS,0.00,-10.00,UP,BACKTEST
2025-12-16T06:00:00+00:00,BT-00113,SYN-202512160600,UP,0.4816,0.5200,0.0480,86028.12,86225.66,10.00,570.35,580.90,WIN,20.56,10.56,UP,BACKTEST
2025-12-16T09:30:00+00:00,BT-00114,SYN-202512160930,UP,0.4881,0.5200,0.0415,86277.75,86365.62,10.00,580.90,591.19,WIN,20.28,10.28,UP,BACKTEST
2025-12-16T11:45:00+00:00,BT-00115,SYN-202512161145,DOWN,0.4646,0.5200,0.0671,87107.89,87261.45,10.00,591.19,581.19,LOSS,0.00,-10.00,UP,BACKTEST
2025-12-16T13:30:00+00:00,BT-00116,SYN-202512161330,DOWN,0.4797,0.5200,0.0499,87367.60,86933.99,10.00,581.19,591.82,WIN,20.64,10.64,DOWN,BACKTEST
2025-12-16T14:00:00+00:00,BT-00117,SYN-202512161400,DOWN,0.4808,0.5200,0.0488,86443.02,86861.18,10.00,591.82,581.82,LOSS,0.00,-10.00,UP,BACKTEST
2025-12-16T15:00:00+00:00,BT-00118,SYN-202512161500,DOWN,0.5226,0.5500,0.0370,87298.00,87233.97,10.00,581.82,590.77,WIN,18.94,8.94,DOWN,BACKTEST
2025-12-16T15:45:00+00:00,BT-00119,SYN-202512161545,UP,0.5110,0.5500,0.0486,87328.44,87977.43,10.00,590.77,600.14,WIN,19.37,9.37,UP,BACKTEST
2025-12-16T16:30:00+00:00,BT-00120,SYN-202512161630,DOWN,0.4794,0.5200,0.0502,87843.24,87530.54,10.00,600.14,610.79,WIN,20.65,10.65,DOWN,BACKTEST
2025-12-16T17:00:00+00:00,BT-00121,SYN-202512161700,UP,0.4971,0.5500,0.0641,87588.26,87766.45,10.00,610.79,620.71,WIN,19.92,9.92,UP,BACKTEST
2025-12-16T18:30:00+00:00,BT-00122,SYN-202512161830,UP,0.5136,0.5500,0.0460,87396.59,87906.41,10.00,620.71,629.99,WIN,19.28,9.28,UP,BACKTEST
2025-12-16T19:00:00+00:00,BT-00123,SYN-202512161900,DOWN,0.4881,0.5200,0.0415,87781.35,87333.12,10.00,629.99,640.27,WIN,20.28,10.28,DOWN,BACKTEST
2025-12-16T19:45:00+00:00,BT-00124,SYN-202512161945,UP,0.4821,0.5200,0.0475,87567.40,87585.77,10.00,640.27,650.80,WIN,20.53,10.53,UP,BACKTEST
2025-12-16T21:30:00+00:00,BT-00125,SYN-202512162130,UP,0.4894,0.5200,0.0402,87690.31,87876.56,10.00,650.80,661.03,WIN,20.23,10.23,UP,BACKTEST
2025-12-17T00:00:00+00:00,BT-00126,SYN-202512170000,DOWN,0.5082,0.5500,0.0514,87863.43,87540.57,10.00,661.03,670.51,WIN,19.48,9.48,DOWN,BACKTEST
2025-12-17T01:15:00+00:00,BT-00127,SYN-202512170115,UP,0.5186,0.5500,0.0410,87593.84,87760.47,10.00,670.51,679.60,WIN,19.09,9.09,UP,BACKTEST
2025-12-17T04:15:00+00:00,BT-00128,SYN-202512170415,DOWN,0.5072,0.5500,0.0524,87324.66,87048.39,10.00,679.60,689.12,WIN,19.52,9.52,DOWN,BACKTEST
2025-12-17T05:00:00+00:00,BT-00129,SYN-202512170500,DOWN,0.4880,0.5500,0.0748,86752.27,86621.82,10.00,689.12,699.41,WIN,20.29,10.29,DOWN,BACKTEST
2025-12-17T05:45:00+00:00,BT-00130,SYN-202512170545,UP,0.5241,0.5500,0.0355,86488.04,86626.39,10.00,699.41,708.30,WIN,18.89,8.89,UP,BACKTEST
2025-12-17T07:30:00+00:00,BT-00131,SYN-202512170730,UP,0.5234,0.5500,0.0362,86736.38,87018.96,10.00,708.30,717.21,WIN,18.92,8.92,UP,BACKTEST
2025-12-17T08:00:00+00:00,BT-00132,SYN-202512170800,DOWN,0.4762,0.5200,0.0534,87045.59,86800.00,10.00,717.21,728.00,WIN,20.79,10.79,DOWN,BACKTEST
2025-12-17T10:45:00+00:00,BT-00133,SYN-202512171045,UP,0.4831,0.5200,0.0465,86719.89,86624.49,10.00,728.00,718.00,LOSS,0.00,-10.00,DOWN,BACKTEST
2025-12-17T13:30:00+00:00,BT-00134,SYN-202512171330,UP,0.4807,0.5200,0.0489,87096.04,87378.10,10.00,718.00,728.60,WIN,20.59,10.59,UP,BACKTEST
2025-12-17T14:15:00+00:00,BT-00135,SYN-202512171415,UP,0.4847,0.5500,0.0787,87583.89,87722.88,10.00,728.60,739.02,WIN,20.43,10.43,UP,BACKTEST
2025-12-17T14:45:00+00:00,BT-00136,SYN-202512171445,DOWN,0.4725,0.5500,0.0931,87496.06,89675.85,10.00,739.02,729.02,LOSS,0.00,-10.00,UP,BACKTEST
2025-12-17T15:15:00+00:00,BT-00137,SYN-202512171515,DOWN,0.4654,0.5500,0.1014,90196.49,89921.90,10.00,729.02,740.29,WIN,21.27,11.27,DOWN,BACKTEST
2025-12-17T15:45:00+00:00,BT-00138,SYN-202512171545,DOWN,0.4738,0.5500,0.0916,88707.76,87233.44,10.00,740.29,751.19,WIN,20.90,10.90,DOWN,BACKTEST
2025-12-17T16:15:00+00:00,BT-00139,SYN-202512171615,DOWN,0.4965,0.5500,0.0649,86976.00,86355.19,10.00,751.19,761.13,WIN,19.94,9.94,DOWN,BACKTEST
2025-12-17T17:00:00+00:00,BT-00140,SYN-202512171700,DOWN,0.4954,0.5500,0.0661,86986.50,86660.06,10.00,761.13,771.12,WIN,19.98,9.98,DOWN,BACKTEST
2025-12-17T18:45:00+00:00,BT-00141,SYN-202512171845,DOWN,0.4696,0.5200,0.0612,85938.46,85829.22,10.00,771.12,782.20,WIN,21.08,11.08,DOWN,BACKTEST
2025-12-17T19:15:00+00:00,BT-00142,SYN-202512171915,UP,0.4864,0.5500,0.0767,85521.70,85708.97,10.00,782.20,792.55,WIN,20.35,10.35,UP,BACKTEST
2025-12-17T19:45:00+00:00,BT-00143,SYN-202512171945,UP,0.4979,0.5500,0.0632,85641.54,86018.53,10.00,792.55,802.43,WIN,19.88,9.88,UP,BACKTEST
2025-12-17T20:15:00+00:00,BT-00144,SYN-202512172015,UP,0.5243,0.5500,0.0353,85685.07,86139.53,10.00,802.43,811.32,WIN,18.88,8.88,UP,BACKTEST
2025-12-17T22:15:00+00:00,BT-00145,SYN-202512172215,UP,0.4940,0.5200,0.0356,86064.78,86251.63,10.00,811.32,821.36,WIN,20.04,10.04,UP,BACKTEST
2025-12-17T23:00:00+00:00,BT-00146,SYN-202512172300,DOWN,0.4882,0.5200,0.0414,86339.10,86001.02,10.00,821.36,831.64,WIN,20.28,10.28,DOWN,BACKTEST
2025-12-18T03:00:00+00:00,BT-00147,SYN-202512180300,DOWN,0.4855,0.5200,0.0441,86699.64,86598.17,10.00,831.64,842.03,WIN,20.39,10.39,DOWN,BACKTEST
2025-12-18T09:00:00+00:00,BT-00148,SYN-202512180900,DOWN,0.4601,0.5200,0.0723,86978.98,86820.00,10.00,842.03,853.54,WIN,21.52,11.52,DOWN,BACKTEST
2025-12-18T09:30:00+00:00,BT-00149,SYN-202512180930,UP,0.5009,0.5500,0.0597,87012.76,87372.43,10.00,853.54,863.31,WIN,19.77,9.77,UP,BACKTEST
2025-12-18T11:00:00+00:00,BT-00150,SYN-202512181100,DOWN,0.4779,0.5200,0.0517,87342.00,87124.59,10.00,863.31,874.02,WIN,20.71,10.71,DOWN,BACKTEST
2025-12-18T12:30:00+00:00,BT-00151,SYN-202512181230,UP,0.5029,0.5500,0.0573,87143.15,87360.01,10.00,874.02,883.71,WIN,19.69,9.69,UP,BACKTEST
2025-12-18T13:15:00+00:00,BT-00152,SYN-202512181315,DOWN,0.5154,0.5500,0.0442,87899.98,87637.61,10.00,883.71,892.92,WIN,19.21,9.21,DOWN,BACKTEST
2025-12-18T14:00:00+00:00,BT-00153,SYN-202512181400,UP,0.5097,0.5500,0.0499,88851.70,88144.70,10.00,892.92,882.92,LOSS,0.00,-10.00,DOWN,BACKTEST
2025-12-18T15:30:00+00:00,BT-00154,SYN-202512181530,DOWN,0.4690,0.5500,0.0971,88599.94,89077.12,10.00,882.92,872.92,LOSS,0.00,-10.00,UP,BACKTEST
2025-12-18T17:00:00+00:00,BT-00155,SYN-202512181700,DOWN,0.4840,0.5500,0.0795,88014.00,86381.18,10.00,872.92,883.37,WIN,20.45,10.45,DOWN,BACKTEST
2025-12-18T17:30:00+00:00,BT-00156,SYN-202512181730,UP,0.4854,0.5500,0.0779,85902.98,86463.51,10.00,883.37,893.77,WIN,20.40,10.40,UP,BACKTEST
2025-12-18T18:15:00+00:00,BT-00157,SYN-202512181815,DOWN,0.4731,0.5500,0.0923,86723.24,86397.42,10.00,893.77,904.70,WIN,20.92,10.92,DOWN,BACKTEST
2025-12-18T18:45:00+00:00,BT-00158,SYN-202512181845,DOWN,0.4930,0.5500,0.0690,86486.98,85970.00,10.00,904.70,914.78,WIN,20.08,10.08,DOWN,BACKTEST
2025-12-18T19:15:00+00:00,BT-00159,SYN-202512181915,DOWN,0.4982,0.5500,0.0628,85649.99,85656.56,10.00,914.78,904.78,LOSS,0.00,-10.00,UP,BACKTEST
2025-12-18T19:45:00+00:00,BT-00160,SYN-202512181945,DOWN,0.4768,0.5200,0.0528,84692.65,84483.79,10.00,904.78,915.54,WIN,20.77,10.77,DOWN,BACKTEST
2025-12-18T23:45:00+00:00,BT-00161,SYN-202512182345,DOWN,0.4945,0.5200,0.0351,85488.55,85516.41,10.00,915.54,905.54,LOSS,0.00,-10.00,UP,BACKTEST
2025-12-19T01:00:00+00:00,BT-00162,SYN-202512190100,DOWN,0.5005,0.5500,0.0601,85604.88,85442.00,10.00,905.54,915.32,WIN,19.78,9.78,DOWN,BACKTEST
2025-12-19T01:45:00+00:00,BT-00163,SYN-202512190145,DOWN,0.4623,0.5200,0.0698,85336.50,85320.43,10.00,915.32,926.74,WIN,21.42,11.42,DOWN,BACKTEST
2025-12-19T03:00:00+00:00,BT-00164,SYN-202512190300,UP,0.5242,0.5500,0.0354,85643.44,86361.99,10.00,926.74,935.62,WIN,18.89,8.89,UP,BACKTEST
2025-12-19T03:30:00+00:00,BT-00165,SYN-202512190330,UP,0.5043,0.5500,0.0557,87146.04,87041.93,10.00,935.62,925.62,LOSS,0.00,-10.00,DOWN,BACKTEST
2025-12-19T05:15:00+00:00,BT-00166,SYN-202512190515,DOWN,0.4758,0.5200,0.0539,86992.02,86764.94,10.00,925.62,936.43,WIN,20.81,10.81,DOWN,BACKTEST
2025-12-19T07:15:00+00:00,BT-00167,SYN-202512190715,DOWN,0.4613,0.5500,0.1062,88150.42,87938.38,10.00,936.43,947.89,WIN,21.46,11.46,DOWN,BACKTEST
2025-12-19T08:30:00+00:00,BT-00168,SYN-202512190830,UP,0.5241,0.5500,0.0355,87742.60,87938.08,10.00,947.89,956.78,WIN,18.89,8.89,UP,BACKTEST
2025-12-19T09:00:00+00:00,BT-00169,SYN-202512190900,DOWN,0.4669,0.5200,0.0644,88102.78,87942.61,10.00,956.78,967.98,WIN,21.20,11.20,DOWN,BACKTEST
2025-12-19T11:15:00+00:00,BT-00170,SYN-202512191115,DOWN,0.4779,0.5200,0.0517,88337.96,88281.59,10.00,967.98,978.70,WIN,20.72,10.72,DOWN,BACKTEST
2025-12-19T13:30:00+00:00,BT-00171,SYN-202512191330,DOWN,0.4671,0.5200,0.0641,88041.53,88112.33,10.00,978.70,968.70,LOSS,0.00,-10.00,UP,BACKTEST
2025-12-19T14:30:00+00:00,BT-00172,SYN-202512191430,DOWN,0.4974,0.5500,0.0638,88032.37,88501.78,10.00,968.70,958.70,LOSS,0.00,-10.00,UP,BACKTEST
2025-12-19T15:00:00+00:00,BT-00173,SYN-202512191500,DOWN,0.4931,0.5200,0.0365,88180.00,88762.41,10.00,958.70,948.70,LOSS,0.00,-10.00,UP,BACKTEST
2025-12-19T15:45:00+00:00,BT-00174,SYN-202512191545,DOWN,0.4749,0.5500,0.0902,88039.69,87951.87,10.00,948.70,959.54,WIN,20.84,10.84,DOWN,BACKTEST
2025-12-19T16:45:00+00:00,BT-00175,SYN-202512191645,DOWN,0.4789,0.5500,0.0856,88509.93,87983.25,10.00,959.54,970.22,WIN,20.67,10.67,DOWN,BACKTEST
2025-12-19T17:30:00+00:00,BT-00176,SYN-202512191730,DOWN,0.4731,0.5500,0.0924,87609.86,87117.72,10.00,970.22,981.15,WIN,20.93,10.93,DOWN,BACKTEST
2025-12-19T18:30:00+00:00,BT-00177,SYN-202512191830,DOWN,0.5122,0.5500,0.0474,87335.01,87018.92,10.00,981.15,990.48,WIN,19.33,9.33,DOWN,BACKTEST
2025-12-19T20:00:00+00:00,BT-00178,SYN-202512192000,DOWN,0.4899,0.5200,0.0397,87845.92,87780.01,10.00,990.48,1000.68,WIN,20.21,10.21,DOWN,BACKTEST
2025-12-19T21:00:00+00:00,BT-00179,789305,DOWN,0.4489,0.5200,0.0855,88099.59,87914.79,10.00,1000.68,1012.73,WIN,22.05,12.05,DOWN,BACKTEST
2025-12-20T05:45:00+00:00,BT-00180,SYN-202512200545,DOWN,0.4673,0.5200,0.0639,88509.41,88295.31,10.00,1012.73,1023.92,WIN,21.19,11.19,DOWN,BACKTEST
2025-12-21T09:45:00+00:00,BT-00181,SYN-202512210945,UP,0.4841,0.5200,0.0455,88834.10,88892.82,10.00,1023.92,1034.37,WIN,20.45,10.45,UP,BACKTEST
2025-12-21T13:30:00+00:00,BT-00182,SYN-202512211330,DOWN,0.5013,0.5500,0.0592,88212.34,87934.72,10.00,1034.37,1044.12,WIN,19.75,9.75,DOWN,BACKTEST
2025-12-21T14:00:00+00:00,BT-00183,SYN-202512211400,UP,0.4855,0.5500,0.0778,87670.10,87887.27,10.00,1044.12,1054.51,WIN,20.39,10.39,UP,BACKTEST
2025-12-21T18:30:00+00:00,BT-00184,SYN-202512211830,UP,0.4945,0.5200,0.0351,88126.25,88278.53,10.00,1054.51,1064.54,WIN,20.02,10.02,UP,BACKTEST
2025-12-21T23:00:00+00:00,BT-00185,SYN-202512212300,UP,0.4924,0.5500,0.0696,88483.64,88521.70,10.00,1064.54,1074.64,WIN,20.10,10.10,UP,BACKTEST
2025-12-22T00:15:00+00:00,BT-00186,SYN-202512220015,DOWN,0.4969,0.5500,0.0644,89480.01,89005.79,10.00,1074.64,1084.56,WIN,19.92,9.92,DOWN,BACKTEST
2025-12-22T02:00:00+00:00,BT-00187,SYN-202512220200,DOWN,0.5059,0.5500,0.0537,88626.31,88181.43,10.00,1084.56,1094.13,WIN,19.57,9.57,DOWN,BACKTEST
2025-12-22T02:45:00+00:00,BT-00188,SYN-202512220245,UP,0.4896,0.5200,0.0400,88385.87,88458.27,10.00,1094.13,1104.35,WIN,20.22,10.22,UP,BACKTEST
2025-12-22T03:15:00+00:00,BT-00189,SYN-202512220315,UP,0.4802,0.5200,0.0494,88583.77,88771.60,10.00,1104.35,1114.97,WIN,20.62,10.62,UP,BACKTEST
2025-12-22T08:15:00+00:00,BT-00190,SYN-202512220815,UP,0.5096,0.5500,0.0500,89195.55,89815.81,10.00,1114.97,1124.39,WIN,19.43,9.43,UP,BACKTEST
2025-12-22T08:45:00+00:00,BT-00191,SYN-202512220845,DOWN,0.5113,0.5500,0.0483,89746.41,89334.20,10.00,1124.39,1133.76,WIN,19.36,9.36,DOWN,BACKTEST
2025-12-22T11:15:00+00:00,BT-00192,SYN-202512221115,DOWN,0.4766,0.5200,0.0530,89790.01,89838.14,10.00,1133.76,1123.76,LOSS,0.00,-10.00,UP,BACKTEST
2025-12-22T12:15:00+00:00,BT-00193,SYN-202512221215,UP,0.4932,0.5200,0.0364,90079.24,90300.01,10.00,1123.76,1133.83,WIN,20.07,10.07,UP,BACKTEST
2025-12-22T13:00:00+00:00,BT-00194,SYN-202512221300,UP,0.4858,0.5200,0.0438,90208.49,90152.47,10.00,1133.83,1123.83,LOSS,0.00,-10.00,DOWN,BACKTEST
2025-12-22T13:30:00+00:00,BT-00195,SYN-202512221330,DOWN,0.4710,0.5200,0.0595,90125.52,89768.72,10.00,1123.83,1134.85,WIN,21.02,11.02,DOWN,BACKTEST
2025-12-22T15:15:00+00:00,BT-00196,SYN-202512221515,UP,0.4909,0.5500,0.0714,89614.86,89608.96,10.00,1134.85,1124.85,LOSS,0.00,-10.00,DOWN,BACKTEST
2025-12-22T15:45:00+00:00,BT-00197,SYN-202512221545,UP,0.4824,0.5200,0.0472,89407.61,89726.92,10.00,1124.85,1135.37,WIN,20.52,10.52,UP,BACKTEST
2025-12-22T16:30:00+00:00,BT-00198,SYN-202512221630,DOWN,0.4751,0.5500,0.0900,90084.06,89604.45,10.00,1135.37,1146.21,WIN,20.84,10.84,DOWN,BACKTEST
2025-12-22T18:30:00+00:00,BT-00199,SYN-202512221830,DOWN,0.4626,0.5200,0.0694,89474.20,89427.56,10.00,1146.21,1157.61,WIN,21.40,11.40,DOWN,BACKTEST
2025-12-22T19:00:00+00:00,BT-00200,SYN-202512221900,DOWN,0.4893,0.5500,0.0732,89150.04,88715.89,10.00,1157.61,1167.84,WIN,20.23,10.23,DOWN,BACKTEST
2025-12-22T20:30:00+00:00,BT-00201,SYN-202512222030,UP,0.4897,0.5200,0.0399,88074.86,88341.62,10.00,1167.84,1178.06,WIN,20.22,10.22,UP,BACKTEST
2025-12-22T21:45:00+00:00,BT-00202,SYN-202512222145,DOWN,0.4851,0.5500,0.0782,88554.45,88275.06,10.00,1178.06,1188.47,WIN,20.41,10.41,DOWN,BACKTEST
2025-12-22T22:30:00+00:00,BT-00203,SYN-202512222230,DOWN,0.4760,0.5200,0.0537,88434.00,88363.48,10.00,1188.47,1199.26,WIN,20.80,10.80,DOWN,BACKTEST
2025-12-23T02:00:00+00:00,BT-00204,SYN-202512230200,DOWN,0.4719,0.5200,0.0584,88513.72,88571.95,10.00,1199.26,1189.26,LOSS,0.00,-10.00,UP,BACKTEST
2025-12-23T03:00:00+00:00,BT-00205,SYN-202512230300,DOWN,0.4829,0.5200,0.0467,88206.80,88127.99,10.00,1189.26,1199.77,WIN,20.50,10.50,DOWN,BACKTEST
2025-12-23T03:45:00+00:00,BT-00206,SYN-202512230345,DOWN,0.4560,0.5200,0.0772,88321.00,88170.00,10.00,1199.77,1211.48,WIN,21.71,11.71,DOWN,BACKTEST
2025-12-23T04:30:00+00:00,BT-00207,SYN-202512230430,DOWN,0.4813,0.5200,0.0483,88253.48,88120.17,10.00,1211.48,1222.05,WIN,20.57,10.57,DOWN,BACKTEST
2025-12-23T05:30:00+00:00,BT-00208,SYN-202512230530,DOWN,0.4788,0.5500,0.0856,88008.80,87779.99,10.00,1222.05,1232.72,WIN,20.68,10.68,DOWN,BACKTEST
2025-12-23T06:15:00+00:00,BT-00209,SYN-202512230615,DOWN,0.5173,0.5500,0.0423,87539.99,87206.32,10.00,1232.72,1241.86,WIN,19.14,9.14,DOWN,BACKTEST
2025-12-23T08:45:00+00:00,BT-00210,SYN-202512230845,DOWN,0.4694,0.5200,0.0614,87606.87,87477.15,10.00,1241.86,1252.95,WIN,21.09,11.09,DOWN,BACKTEST
2025-12-23T12:15:00+00:00,BT-00211,SYN-202512231215,DOWN,0.4669,0.5200,0.0643,87819.76,87654.97,10.00,1252.95,1264.15,WIN,21.20,11.20,DOWN,BACKTEST
2025-12-23T14:15:00+00:00,BT-00212,SYN-202512231415,DOWN,0.4723,0.5200,0.0580,87754.77,87646.60,10.00,1264.15,1275.11,WIN,20.96,10.96,DOWN,BACKTEST
2025-12-23T14:45:00+00:00,BT-00213,SYN-202512231445,DOWN,0.4741,0.5200,0.0558,87431.82,86874.00,10.00,1275.11,1285.99,WIN,20.88,10.88,DOWN,BACKTEST
2025-12-23T15:15:00+00:00,BT-00214,SYN-202512231515,UP,0.4855,0.5500,0.0777,86964.35,87292.51,10.00,1285.99,1296.38,WIN,20.39,10.39,UP,BACKTEST
2025-12-23T16:00:00+00:00,BT-00215,SYN-202512231600,UP,0.5026,0.5500,0.0576,87443.45,87778.63,10.00,1296.38,1306.08,WIN,19.70,9.70,UP,BACKTEST
2025-12-23T17:30:00+00:00,BT-00216,SYN-202512231730,UP,0.4856,0.5200,0.0440,87733.20,87814.42,10.00,1306.08,1316.46,WIN,20.39,10.39,UP,BACKTEST
2025-12-23T18:00:00+00:00,BT-00217,SYN-202512231800,UP,0.5134,0.5500,0.0462,87180.00,87579.17,10.00,1316.46,1325.75,WIN,19.28,9.28,UP,BACKTEST
2025-12-23T18:45:00+00:00,BT-00218,SYN-202512231845,DOWN,0.4997,0.5500,0.0611,88120.30,87975.01,10.00,1325.75,1335.56,WIN,19.81,9.81,DOWN,BACKTEST
2025-12-23T19:45:00+00:00,BT-00219,SYN-202512231945,DOWN,0.4836,0.5200,0.0460,87817.41,87752.87,10.00,1335.56,1346.03,WIN,20.47,10.47,DOWN,BACKTEST
2025-12-23T20:15:00+00:00,BT-00220,SYN-202512232015,UP,0.5080,0.5500,0.0516,87652.28,87770.57,10.00,1346.03,1355.52,WIN,19.49,9.49,UP,BACKTEST
2025-12-23T20:45:00+00:00,BT-00221,SYN-202512232045,DOWN,0.4727,0.5200,0.0576,88198.44,87691.50,10.00,1355.52,1366.47,WIN,20.95,10.95,DOWN,BACKTEST
2025-12-24T02:00:00+00:00,BT-00222,SYN-202512240200,DOWN,0.4734,0.5200,0.0567,87632.51,87411.91,10.00,1366.47,1377.38,WIN,20.91,10.91,DOWN,BACKTEST
2025-12-24T03:00:00+00:00,BT-00223,SYN-202512240300,DOWN,0.4778,0.5200,0.0518,87134.39,87038.28,10.00,1377.38,1388.10,WIN,20.72,10.72,DOWN,BACKTEST
2025-12-24T08:30:00+00:00,BT-00224,SYN-202512240830,DOWN,0.4759,0.5200,0.0538,86940.77,86942.46,10.00,1388.10,1378.10,LOSS,0.00,-10.00,UP,BACKTEST
2025-12-24T13:30:00+00:00,BT-00225,SYN-202512241330,DOWN,0.4932,0.5200,0.0364,87269.99,87178.86,10.00,1378.10,1388.17,WIN,20.07,10.07,DOWN,BACKTEST
2025-12-24T14:15:00+00:00,BT-00226,SYN-202512241415,DOWN,0.4668,0.5200,0.0645,87415.32,87241.03,10.00,1388.17,1399.38,WIN,21.21,11.21,DOWN,BACKTEST
2025-12-24T14:45:00+00:00,BT-00227,SYN-202512241445,DOWN,0.4773,0.5200,0.0523,86994.31,86994.70,10.00,1399.38,1389.38,LOSS,0.00,-10.00,UP,BACKTEST
2025-12-24T23:00:00+00:00,BT-00228,SYN-202512242300,DOWN,0.4897,0.5500,0.0728,88009.82,87826.19,10.00,1389.38,1399.60,WIN,20.22,10.22,DOWN,BACKTEST
2025-12-25T01:30:00+00:00,BT-00229,SYN-202512250130,DOWN,0.4825,0.5200,0.0471,87705.95,87738.97,10.00,1399.60,1389.60,LOSS,0.00,-10.00,UP,BACKTEST
2025-12-25T08:15:00+00:00,BT-00230,SYN-202512250815,DOWN,0.4731,0.5200,0.0570,87793.32,87446.54,10.00,1389.60,1400.52,WIN,20.92,10.92,DOWN,BACKTEST
2025-12-25T11:00:00+00:00,BT-00231,SYN-202512251100,UP,0.4808,0.5200,0.0488,87414.15,87491.19,10.00,1400.52,1411.11,WIN,20.59,10.59,UP,BACKTEST
2025-12-25T15:45:00+00:00,BT-00232,SYN-202512251545,DOWN,0.4549,0.5200,0.0784,88505.35,88371.27,10.00,1411.11,1422.87,WIN,21.76,11.76,DOWN,BACKTEST
2025-12-25T16:45:00+00:00,BT-00233,SYN-202512251645,DOWN,0.4931,0.5200,0.0365,88331.23,88086.72,10.00,1422.87,1432.95,WIN,20.08,10.08,DOWN,BACKTEST
2025-12-25T22:45:00+00:00,BT-00234,SYN-202512252245,DOWN,0.5148,0.5500,0.0448,87709.82,87650.00,10.00,1432.95,1442.18,WIN,19.23,9.23,DOWN,BACKTEST
2025-12-25T23:30:00+00:00,BT-00235,SYN-202512252330,DOWN,0.4977,0.5500,0.0634,87491.00,87054.85,10.00,1442.18,1452.07,WIN,19.89,9.89,DOWN,BACKTEST
2025-12-26T00:15:00+00:00,BT-00236,SYN-202512260015,DOWN,0.4910,0.5200,0.0386,87196.14,87069.45,10.00,1452.07,1462.24,WIN,20.16,10.16,DOWN,BACKTEST
2025-12-26T02:15:00+00:00,BT-00237,SYN-202512260215,UP,0.4966,0.5500,0.0647,88195.67,89020.13,10.00,1462.24,1472.18,WIN,19.94,9.94,UP,BACKTEST
2025-12-26T03:15:00+00:00,BT-00238,SYN-202512260315,DOWN,0.4825,0.5500,0.0813,89044.06,88839.88,10.00,1472.18,1482.69,WIN,20.52,10.52,DOWN,BACKTEST
2025-12-26T04:30:00+00:00,BT-00239,SYN-202512260430,UP,0.4872,0.5200,0.0424,88713.65,89040.78,10.00,1482.69,1493.01,WIN,20.32,10.32,UP,BACKTEST
2025-12-26T07:30:00+00:00,BT-00240,SYN-202512260730,DOWN,0.4879,0.5500,0.0749,89422.18,88772.78,10.00,1493.01,1503.31,WIN,20.29,10.29,DOWN,BACKTEST
2025-12-26T08:00:00+00:00,BT-00241,SYN-202512260800,UP,0.5049,0.5500,0.0549,88470.75,88662.35,10.00,1503.31,1512.91,WIN,19.61,9.61,UP,BACKTEST
2025-12-26T10:30:00+00:00,BT-00242,SYN-202512261030,DOWN,0.4682,0.5200,0.0629,88820.93,88748.24,10.00,1512.91,1524.06,WIN,21.15,11.15,DOWN,BACKTEST
2025-12-26T12:00:00+00:00,BT-00243,SYN-202512261200,UP,0.4841,0.5200,0.0455,88533.43,88690.52,10.00,1524.06,1534.51,WIN,20.45,10.45,UP,BACKTEST
2025-12-26T14:30:00+00:00,BT-00244,SYN-202512261430,DOWN,0.4819,0.5200,0.0477,88967.93,88405.94,10.00,1534.51,1545.05,WIN,20.54,10.54,DOWN,BACKTEST
2025-12-26T15:00:00+00:00,BT-00245,SYN-202512261500,DOWN,0.4736,0.5500,0.0918,87380.44,86776.13,10.00,1545.05,1555.96,WIN,20.90,10.90,DOWN,BACKTEST
2025-12-26T15:30:00+00:00,BT-00246,SYN-202512261530,UP,0.4911,0.5200,0.0385,87007.97,87039.15,10.00,1555.96,1566.11,WIN,20.16,10.16,UP,BACKTEST
2025-12-26T16:15:00+00:00,BT-00247,SYN-202512261615,UP,0.4946,0.5200,0.0350,87012.66,87259.31,10.00,1566.11,1576.13,WIN,20.02,10.02,UP,BACKTEST
2025-12-27T22:15:00+00:00,BT-00248,SYN-202512272215,DOWN,0.4808,0.5200,0.0488,87864.31,87692.67,10.00,1576.13,1586.72,WIN,20.59,10.59,DOWN,BACKTEST
2025-12-29T01:00:00+00:00,BT-00249,SYN-202512290100,DOWN,0.4671,0.5500,0.0994,88295.68,88064.80,10.00,1586.72,1597.92,WIN,21.19,11.19,DOWN,BACKTEST
2025-12-29T01:45:00+00:00,BT-00250,SYN-202512290145,UP,0.4798,0.5200,0.0498,88304.04,88445.57,10.00,1597.92,1608.55,WIN,20.63,10.63,UP,BACKTEST
2025-12-29T02:15:00+00:00,BT-00251,SYN-202512290215,DOWN,0.4945,0.5500,0.0672,89265.32,89145.39,10.00,1608.55,1618.57,WIN,20.02,10.02,DOWN,BACKTEST
2025-12-29T03:30:00+00:00,BT-00252,SYN-202512290330,UP,0.5238,0.5500,0.0358,89481.43,89993.26,10.00,1618.57,1627.47,WIN,18.90,8.90,UP,BACKTEST
2025-12-29T05:15:00+00:00,BT-00253,SYN-202512290515,DOWN,0.4764,0.5200,0.0532,90215.62,90069.41,10.00,1627.47,1638.25,WIN,20.78,10.78,DOWN,BACKTEST
2025-12-29T07:30:00+00:00,BT-00254,SYN-202512290730,UP,0.4804,0.5200,0.0492,89526.32,89564.79,10.00,1638.25,1648.86,WIN,20.61,10.61,UP,BACKTEST
2025-12-29T09:30:00+00:00,BT-00255,SYN-202512290930,DOWN,0.4715,0.5500,0.0943,89326.00,88232.85,10.00,1648.86,1659.86,WIN,21.00,11.00,DOWN,BACKTEST
2025-12-29T10:15:00+00:00,BT-00256,SYN-202512291015,DOWN,0.4855,0.5200,0.0441,88076.47,88020.49,10.00,1659.86,1670.25,WIN,20.39,10.39,DOWN,BACKTEST
2025-12-29T12:30:00+00:00,BT-00257,SYN-202512291230,UP,0.4814,0.5200,0.0482,87268.34,87300.00,10.00,1670.25,1680.81,WIN,20.56,10.56,UP,BACKTEST
2025-12-29T19:00:00+00:00,BT-00258,SYN-202512291900,DOWN,0.4750,0.5200,0.0548,87464.78,87571.31,10.00,1680.81,1670.81,LOSS,0.00,-10.00,UP,BACKTEST
2025-12-30T02:45:00+00:00,BT-00259,SYN-202512300245,DOWN,0.4807,0.5200,0.0489,87155.98,87111.00,10.00,1670.81,1681.41,WIN,20.60,10.60,DOWN,BACKTEST
2025-12-30T08:15:00+00:00,BT-00260,SYN-202512300815,UP,0.5226,0.5500,0.0370,87886.52,87832.65,10.00,1681.41,1671.41,LOSS,0.00,-10.00,DOWN,BACKTEST
2025-12-30T13:30:00+00:00,BT-00261,SYN-202512301330,DOWN,0.4610,0.5200,0.0712,88095.99,88068.31,10.00,1671.41,1682.88,WIN,21.47,11.47,DOWN,BACKTEST
2025-12-30T14:30:00+00:00,BT-00262,SYN-202512301430,DOWN,0.4714,0.5200,0.0590,88130.53,88092.69,10.00,1682.88,1693.88,WIN,21.00,11.00,DOWN,BACKTEST
2025-12-30T15:00:00+00:00,BT-00263,SYN-202512301500,DOWN,0.4702,0.5500,0.0957,88875.82,88349.06,10.00,1693.88,1704.93,WIN,21.05,11.05,DOWN,BACKTEST
2025-12-30T16:00:00+00:00,BT-00264,SYN-202512301600,DOWN,0.4737,0.5200,0.0564,89016.36,88963.03,10.00,1704.93,1715.83,WIN,20.90,10.90,DOWN,BACKTEST
2025-12-30T16:30:00+00:00,BT-00265,SYN-202512301630,DOWN,0.4636,0.5200,0.0683,89218.56,88712.16,10.00,1715.83,1727.19,WIN,21.36,11.36,DOWN,BACKTEST
2025-12-30T17:15:00+00:00,BT-00266,SYN-202512301715,DOWN,0.5000,0.5500,0.0607,88765.42,88624.00,10.00,1727.19,1736.99,WIN,19.80,9.80,DOWN,BACKTEST
2025-12-30T17:45:00+00:00,BT-00267,SYN-202512301745,DOWN,0.4642,0.5500,0.1029,88533.43,88371.34,10.00,1736.99,1748.32,WIN,21.33,11.33,DOWN,BACKTEST
2025-12-30T20:00:00+00:00,BT-00268,SYN-202512302000,DOWN,0.4919,0.5200,0.0377,88226.15,88131.22,10.00,1748.32,1758.45,WIN,20.13,10.13,DOWN,BACKTEST
2025-12-31T01:15:00+00:00,BT-00269,SYN-202512310115,UP,0.4815,0.5200,0.0481,88308.53,88588.57,10.00,1758.45,1769.01,WIN,20.56,10.56,UP,BACKTEST
2025-12-31T09:00:00+00:00,BT-00270,SYN-202512310900,UP,0.4885,0.5200,0.0411,88434.66,88552.15,10.00,1769.01,1779.27,WIN,20.26,10.26,UP,BACKTEST
2025-12-31T14:30:00+00:00,BT-00271,SYN-202512311430,DOWN,0.4674,0.5200,0.0638,88950.00,88649.25,10.00,1779.27,1790.45,WIN,21.18,11.18,DOWN,BACKTEST
2025-12-31T15:30:00+00:00,BT-00272,SYN-202512311530,DOWN,0.4917,0.5200,0.0379,87983.56,88045.07,10.00,1790.45,1780.45,LOSS,0.00,-10.00,UP,BACKTEST
2026-01-01T09:15:00+00:00,BT-00273,SYN-202601010915,UP,0.4883,0.5200,0.0413,87849.26,87836.02,10.00,1780.45,1770.45,LOSS,0.00,-10.00,DOWN,BACKTEST
2026-01-02T09:15:00+00:00,BT-00274,SYN-202601020915,DOWN,0.4763,0.5200,0.0533,89252.01,89167.77,10.00,1770.45,1781.24,WIN,20.78,10.78,DOWN,BACKTEST
2026-01-02T12:00:00+00:00,BT-00275,SYN-202601021200,DOWN,0.4806,0.5200,0.0490,89502.94,89484.30,10.00,1781.24,1791.83,WIN,20.60,10.60,DOWN,BACKTEST
2026-01-02T13:30:00+00:00,BT-00276,SYN-202601021330,DOWN,0.4701,0.5200,0.0606,89560.54,89446.97,10.00,1791.83,1802.90,WIN,21.06,11.06,DOWN,BACKTEST
2026-01-02T14:15:00+00:00,BT-00277,SYN-202601021415,DOWN,0.4926,0.5500,0.0694,89133.35,88900.01,10.00,1802.90,1812.99,WIN,20.10,10.10,DOWN,BACKTEST
2026-01-02T14:45:00+00:00,BT-00278,SYN-202601021445,UP,0.5047,0.5500,0.0552,89387.66,89580.00,10.00,1812.99,1822.61,WIN,19.62,9.62,UP,BACKTEST
2026-01-02T15:30:00+00:00,BT-00279,SYN-202601021530,UP,0.5223,0.5500,0.0373,89128.63,89757.89,10.00,1822.61,1831.56,WIN,18.95,8.95,UP,BACKTEST
2026-01-02T16:30:00+00:00,BT-00280,SYN-202601021630,UP,0.5097,0.5500,0.0499,90055.86,90139.77,10.00,1831.56,1840.99,WIN,19.42,9.42,UP,BACKTEST
2026-01-02T17:00:00+00:00,BT-00281,SYN-202601021700,UP,0.5218,0.5500,0.0378,90376.05,90627.00,10.00,1840.99,1849.96,WIN,18.97,8.97,UP,BACKTEST
2026-01-02T17:45:00+00:00,BT-00282,SYN-202601021745,DOWN,0.4851,0.5200,0.0445,90519.30,90370.52,10.00,1849.96,1860.37,WIN,20.41,10.41,DOWN,BACKTEST
2026-01-02T18:30:00+00:00,BT-00283,SYN-202601021830,DOWN,0.4915,0.5200,0.0381,90305.99,90013.14,10.00,1860.37,1870.51,WIN,20.14,10.14,DOWN,BACKTEST
2026-01-02T20:45:00+00:00,BT-00284,SYN-202601022045,DOWN,0.4857,0.5200,0.0439,89901.85,89740.00,10.00,1870.51,1880.89,WIN,20.38,10.38,DOWN,BACKTEST
2026-01-03T08:00:00+00:00,BT-00285,SYN-202601030800,UP,0.4848,0.5200,0.0448,89577.13,89530.00,10.00,1880.89,1870.89,LOSS,0.00,-10.00,DOWN,BACKTEST
2026-01-03T12:45:00+00:00,BT-00286,SYN-202601031245,UP,0.4928,0.5200,0.0368,89793.58,90039.13,10.00,1870.89,1880.98,WIN,20.09,10.09,UP,BACKTEST
2026-01-03T20:30:00+00:00,BT-00287,SYN-202601032030,UP,0.4838,0.5200,0.0458,90123.76,90261.97,10.00,1880.98,1891.45,WIN,20.46,10.46,UP,BACKTEST
2026-01-03T22:15:00+00:00,BT-00288,SYN-202601032215,UP,0.4825,0.5200,0.0471,90520.55,90621.01,10.00,1891.45,1901.96,WIN,20.52,10.52,UP,BACKTEST
2026-01-03T23:15:00+00:00,BT-00289,SYN-202601032315,UP,0.4797,0.5200,0.0499,90538.00,90634.58,10.00,1901.96,1912.60,WIN,20.64,10.64,UP,BACKTEST
2026-01-04T00:00:00+00:00,BT-00290,SYN-202601040000,UP,0.4990,0.5500,0.0619,90628.01,91399.99,10.00,1912.60,1922.44,WIN,19.84,9.84,UP,BACKTEST
2026-01-04T03:15:00+00:00,BT-00291,SYN-202601040315,DOWN,0.4853,0.5200,0.0443,91338.59,91168.07,10.00,1922.44,1932.84,WIN,20.40,10.40,DOWN,BACKTEST
2026-01-04T08:00:00+00:00,BT-00292,SYN-202601040800,DOWN,0.4805,0.5500,0.0837,91532.00,91312.39,10.00,1932.84,1943.45,WIN,20.60,10.60,DOWN,BACKTEST
2026-01-04T19:00:00+00:00,BT-00293,SYN-202601041900,DOWN,0.4890,0.5200,0.0406,91205.38,91012.94,10.00,1943.45,1953.69,WIN,20.25,10.25,DOWN,BACKTEST
2026-01-04T23:00:00+00:00,BT-00294,SYN-202601042300,UP,0.4915,0.5500,0.0707,91220.00,91333.33,10.00,1953.69,1963.83,WIN,20.14,10.14,UP,BACKTEST
2026-01-05T00:00:00+00:00,BT-00295,SYN-202601050000,UP,0.4846,0.5500,0.0788,91529.74,91895.35,10.00,1963.83,1974.26,WIN,20.43,10.43,UP,BACKTEST
2026-01-05T01:15:00+00:00,BT-00296,SYN-202601050115,DOWN,0.4745,0.5200,0.0555,92954.40,92978.35,10.00,1974.26,1964.26,LOSS,0.00,-10.00,UP,BACKTEST
2026-01-05T02:30:00+00:00,BT-00297,SYN-202601050230,UP,0.5237,0.5500,0.0359,92746.20,92922.56,10.00,1964.26,1973.17,WIN,18.90,8.90,UP,BACKTEST
2026-01-05T10:45:00+00:00,BT-00298,SYN-202601051045,UP,0.4862,0.5200,0.0434,92853.18,93080.00,10.00,1973.17,1983.53,WIN,20.36,10.36,UP,BACKTEST
2026-01-05T11:45:00+00:00,BT-00299,SYN-202601051145,UP,0.4915,0.5200,0.0381,93012.38,93134.26,10.00,1983.53,1993.67,WIN,20.14,10.14,UP,BACKTEST
2026-01-05T14:30:00+00:00,BT-00300,SYN-202601051430,DOWN,0.4768,0.5200,0.0528,92766.91,93283.28,10.00,1993.67,1983.67,LOSS,0.00,-10.00,UP,BACKTEST
2026-01-05T15:30:00+00:00,BT-00301,SYN-202601051530,UP,0.4896,0.5500,0.0729,93394.30,93857.89,10.00,1983.67,1993.89,WIN,20.22,10.22,UP,BACKTEST
2026-01-05T16:30:00+00:00,BT-00302,SYN-202601051630,DOWN,0.4701,0.5200,0.0605,93837.93,93725.50,10.00,1993.89,2004.94,WIN,21.06,11.06,DOWN,BACKTEST
2026-01-05T18:00:00+00:00,BT-00303,SYN-202601051800,DOWN,0.4589,0.5200,0.0737,94317.84,94216.00,10.00,2004.94,2016.52,WIN,21.57,11.57,DOWN,BACKTEST
2026-01-05T18:45:00+00:00,BT-00304,SYN-202601051845,UP,0.5018,0.5500,0.0585,94009.96,94449.62,10.00,2016.52,2026.24,WIN,19.73,9.73,UP,BACKTEST
2026-01-05T20:00:00+00:00,BT-00305,SYN-202601052000,UP,0.4874,0.5200,0.0422,94303.40,94493.40,10.00,2026.24,2036.56,WIN,20.31,10.31,UP,BACKTEST
