timestamp,trade_id,market_id,market_question,side,entry_odds,fair_probability,edge,btc_price,bet_size,balance_before,balance_after,outcome,payout,profit_loss,mode
2026-01-05T16:00:05.664159+00:00,T1767628805664,1105274,"Bitcoin Up or Down - January 5, 11:00AM-11:15AM ET",UP,0.475,0.52,0.045,93966.64,3,100.00,103.25,WIN,6.25,3.25,TEST
2026-01-05T18:00:17.042979+00:00,T1767636017042,1106034,"Bitcoin Up or Down - January 5, 1:00PM-1:15PM ET",UP,0.51,0.55,0.04,94391,3,103.25,100.25,LOSS,0.00,-3.00,TEST
2026-01-06T01:30:10.163892+00:00,T1767663010163,1111080,"Bitcoin Up or Down - January 5, 8:30PM-8:45PM ET",UP,0.47,0.52,0.05,94109.65,3,100.25,97.25,LOSS,0.00,-3.00,TEST
2026-01-06T14:47:45.836305+00:00,T1767710865836,1114210,"Bitcoin Up or Down - January 6, 9:45AM-10:00AM ET",DOWN,0.505,0.55,0.045,93890.01,2.91,97.25,100.05,WIN,5.70,2.79,TEST
2026-01-06T15:46:01.224850+00:00,T1767714361224,1114470,"Bitcoin Up or Down - January 6, 10:45AM-11:00AM ET",DOWN,0.465,0.52,0.055,93352.01,2.99,100.05,103.42,WIN,6.37,3.38,TEST
2026-01-06T17:30:02.532840+00:00,T1767720602532,1115294,"Bitcoin Up or Down - January 6, 12:30PM-12:45PM ET",DOWN,0.485,0.52,0.035,92517.15,3,103.42,100.42,LOSS,0.00,-3.00,TEST
2026-01-06T18:00:03.637094+00:00,T1767722403637,1115400,"Bitcoin Up or Down - January 6, 1:00PM-1:15PM ET",DOWN,0.435,0.52,0.085,91536.4,2.91,100.42,97.51,LOSS,0.00,-2.91,TEST
2026-01-06T18:15:04.311152+00:00,T1767723304311,1115424,"Bitcoin Up or Down - January 6, 1:15PM-1:30PM ET",DOWN,0.455,0.52,0.065,91822.93,2.82,97.51,94.69,LOSS,0.00,-2.82,TEST
2026-01-06T21:31:27.409353+00:00,T1767735087409,1116559,"Bitcoin Up or Down - January 6, 4:30PM-4:45PM ET",UP,0.465,0.52,0.055,93560.69,2.74,94.69,91.95,LOSS,0.00,-2.74,TEST
2026-01-07T01:00:03.726161+00:00,T1767747603726,1118147,"Bitcoin Up or Down - January 6, 8:00PM-8:15PM ET",DOWN,0.485,0.52,0.035,92712.37,2.66,91.95,89.29,LOSS,0.00,-2.66,TEST
2026-01-07T01:15:32.366215+00:00,T1767748532366,1118341,"Bitcoin Up or Down - January 6, 8:15PM-8:30PM ET",DOWN,0.495,0.55,0.055,92606.84,2.58,89.29,86.71,LOSS,0.00,-2.58,TEST
2026-01-07T04:18:00.080132+00:00,T1767759480080,1119208,"Bitcoin Up or Down - January 6, 11:15PM-11:30PM ET",DOWN,0.485,0.52,0.035,92688.65,2.5,86.71,84.21,LOSS,0.00,-2.50,TEST
2026-01-07T05:46:12.374485+00:00,T1767764772374,1119683,"Bitcoin Up or Down - January 7, 12:45AM-1:00AM ET",DOWN,0.485,0.52,0.035,92623.34,2.42,84.21,81.79,LOSS,0.00,-2.42,TEST
2026-01-07T09:00:49.262460+00:00,T1767776449262,1120510,"Bitcoin Up or Down - January 7, 4:00AM-4:15AM ET",DOWN,0.485,0.52,0.035,92635.35,2.35,81.79,84.24,WIN,4.80,2.45,TEST
2026-01-07T10:02:05.468087+00:00,T1767780125468,1120660,"Bitcoin Up or Down - January 7, 5:00AM-5:15AM ET",DOWN,0.455,0.52,0.065,91600.01,2.42,84.24,87.09,WIN,5.27,2.85,TEST
2026-01-07T14:01:49.882609+00:00,T1767794509882,1121554,"Bitcoin Up or Down - January 7, 9:00AM-9:15AM ET",DOWN,0.475,0.52,0.045,91918.59,2.51,87.09,89.81,WIN,5.23,2.72,TEST
2026-01-07T14:31:30.263337+00:00,T1767796290263,1121701,"Bitcoin Up or Down - January 7, 9:30AM-9:45AM ET",DOWN,0.45,0.52,0.07,91410.21,2.59,89.81,87.22,LOSS,0.00,-2.59,TEST
2026-01-07T15:02:22.527478+00:00,T1767798142527,1121763,"Bitcoin Up or Down - January 7, 10:00AM-10:15AM ET",DOWN,0.505,0.55,0.045,91496.91,2.51,87.22,89.63,WIN,4.92,2.41,TEST
2026-01-07T15:16:14.066762+00:00,T1767798974066,1121776,"Bitcoin Up or Down - January 7, 10:15AM-10:30AM ET",DOWN,0.505,0.55,0.045,91482.42,2.44,89.63,87.19,LOSS,0.00,-2.44,TEST
2026-01-07T15:31:02.540339+00:00,T1767799862540,1121980,"Bitcoin Up or Down - January 7, 10:30AM-10:45AM ET",DOWN,0.475,0.52,0.045,91158.99,2.51,87.19,89.91,WIN,5.23,2.72,TEST
2026-01-07T15:46:40.414782+00:00,T1767800800414,1122087,"Bitcoin Up or Down - January 7, 10:45AM-11:00AM ET",DOWN,0.485,0.52,0.035,91281.08,2.59,89.91,92.61,WIN,5.29,2.70,TEST
2026-01-07T18:01:32.588683+00:00,T1767808892588,1123564,"Bitcoin Up or Down - January 7, 1:00PM-1:15PM ET",DOWN,0.475,0.52,0.045,91178.74,3,92.61,89.61,LOSS,0.00,-3.00,TEST
2026-01-07T18:15:18.660952+00:00,T1767809718660,1123579,"Bitcoin Up or Down - January 7, 1:15PM-1:30PM ET",DOWN,0.485,0.52,0.035,91213.55,2.91,89.61,92.64,WIN,5.94,3.03,TEST
2026-01-07T19:17:15.788913+00:00,T1767813435788,1123980,"Bitcoin Up or Down - January 7, 2:15PM-2:30PM ET",DOWN,0.465,0.52,0.055,90688.01,3,92.64,96.02,WIN,6.39,3.39,TEST
2026-01-07T20:02:02.225856+00:00,T1767816122225,1124306,"Bitcoin Up or Down - January 7, 3:00PM-3:15PM ET",UP,0.475,0.52,0.045,91293.49,3.1,96.02,99.38,WIN,6.46,3.36,TEST
2026-01-07T20:45:13.607135+00:00,T1767818713607,1124792,"Bitcoin Up or Down - January 7, 3:45PM-4:00PM ET",DOWN,0.485,0.52,0.035,91000.46,3.2,99.38,102.72,WIN,6.53,3.33,TEST
2026-01-08T02:46:46.901959+00:00,T1767840406901,1126706,"Bitcoin Up or Down - January 7, 9:45PM-10:00PM ET",DOWN,0.455,0.52,0.065,90792.01,3.3,102.72,99.42,LOSS,0.00,-3.30,TEST
2026-01-08T07:01:10.615100+00:00,T1767855670615,1127680,"Bitcoin Up or Down - January 8, 2:00AM-2:15AM ET",DOWN,0.475,0.52,0.045,89917.94,3.2,99.42,102.89,WIN,6.67,3.47,TEST
2026-01-08T10:02:49.350553+00:00,T1767866569350,1128175,"Bitcoin Up or Down - January 8, 5:00AM-5:15AM ET",DOWN,0.495,0.55,0.055,89826.4,3.31,102.89,106.20,WIN,6.62,3.31,TEST
2026-01-08T13:32:32.429233+00:00,T1767879152429,1128882,"Bitcoin Up or Down - January 8, 8:30AM-8:45AM ET",DOWN,0.485,0.52,0.035,89974.69,3.41,106.20,109.75,WIN,6.96,3.55,TEST
2026-01-08T15:01:02.474959+00:00,T1767884462474,1129150,"Bitcoin Up or Down - January 8, 10:00AM-10:15AM ET",DOWN,0.475,0.52,0.045,89911.24,3.51,109.75,113.55,WIN,7.32,3.81,TEST
2026-01-08T16:00:09.028839+00:00,T1767888009028,1129307,"Bitcoin Up or Down - January 8, 11:00AM-11:15AM ET",UP,0.495,0.55,0.055,90830.47,3.63,113.55,117.18,WIN,7.26,3.63,TEST
2026-01-08T16:15:53.019290+00:00,T1767888953019,1129327,"Bitcoin Up or Down - January 8, 11:15AM-11:30AM ET",DOWN,0.515,0.55,0.035,90582.91,3.74,117.18,120.63,WIN,7.19,3.45,TEST
2026-01-08T16:32:41.093400+00:00,T1767889961093,1129513,"Bitcoin Up or Down - January 8, 11:30AM-11:45AM ET",DOWN,0.495,0.55,0.055,90474.01,3.84,120.63,116.79,LOSS,0.00,-3.84,TEST
2026-01-08T17:01:42.000002+00:00,T1767891702000,1129668,"Bitcoin Up or Down - January 8, 12:00PM-12:15PM ET",UP,0.485,0.52,0.035,90897.31,3.73,116.79,120.67,WIN,7.61,3.88,TEST
2026-01-08T17:32:01.630657+00:00,T1767893521630,1129873,"Bitcoin Up or Down - January 8, 12:30PM-12:45PM ET",UP,0.485,0.52,0.035,90974.43,3.84,120.67,116.83,LOSS,0.00,-3.84,TEST
2026-01-08T17:47:12.436852+00:00,T1767894432436,1129952,"Bitcoin Up or Down - January 8, 12:45PM-1:00PM ET",UP,0.465,0.52,0.055,91312.48,3.73,116.83,113.10,LOSS,0.00,-3.73,TEST
2026-01-08T19:17:14.953497+00:00,T1767899834953,1130436,"Bitcoin Up or Down - January 8, 2:15PM-2:30PM ET",DOWN,0.495,0.55,0.055,90999.16,3.61,113.10,116.71,WIN,7.22,3.61,TEST
2026-01-08T19:45:59.558040+00:00,T1767901559558,1130828,"Bitcoin Up or Down - January 8, 2:45PM-3:00PM ET",DOWN,0.485,0.52,0.035,91127.17,3.72,116.71,120.59,WIN,7.59,3.87,TEST
2026-01-08T20:02:14.811907+00:00,T1767902534811,1130849,"Bitcoin Up or Down - January 8, 3:00PM-3:15PM ET",DOWN,0.4950,0.5500,0.0550,90747.86,3.84,120.59,116.75,LOSS,0.00,-3.84,TEST
2026-01-08T22:15:08.145572+00:00,T1767910508145,1131523,"Bitcoin Up or Down - January 8, 5:15PM-5:30PM ET",UP,0.4850,0.5200,0.0350,91412.49,3.50,116.75,113.25,LOSS,0.00,-3.50,TEST
2026-01-09T01:30:06.634193+00:00,T1767922206634,1132790,"Bitcoin Up or Down - January 8, 8:30PM-8:45PM ET",UP,0.5150,0.5500,0.0350,91578.13,3.40,113.25,116.38,WIN,6.54,3.14,TEST
2026-01-09T06:17:41.905875+00:00,T1767939461905,1134042,"Bitcoin Up or Down - January 9, 1:15AM-1:30AM ET",UP,0.4850,0.5200,0.0350,91141.47,3.49,116.38,120.02,WIN,7.12,3.63,TEST
2026-01-09T08:45:30.877644+00:00,T1767948330877,1134680,"Bitcoin Up or Down - January 9, 3:45AM-4:00AM ET",DOWN,0.4850,0.5200,0.0350,90260.01,3.60,120.02,116.42,LOSS,0.00,-3.60,TEST
2026-01-09T14:31:46.406724+00:00,T1767969106406,1136334,"Bitcoin Up or Down - January 9, 9:30AM-9:45AM ET",DOWN,0.4850,0.5500,0.0650,90376.00,3.49,116.42,120.05,WIN,7.12,3.63,TEST
2026-01-09T16:15:02.013505+00:00,T1767975302013,1136858,"Bitcoin Up or Down - January 9, 11:15AM-11:30AM ET",UP,0.4950,0.5500,0.0550,91759.99,3.60,120.05,116.45,LOSS,0.00,-3.60,TEST
2026-01-09T18:32:17.222212+00:00,T1767983537222,1138173,"Bitcoin Up or Down - January 9, 1:30PM-1:45PM ET",DOWN,0.4850,0.5200,0.0350,90455.99,3.49,116.45,112.96,LOSS,0.00,-3.49,TEST
2026-01-09T19:00:33.200908+00:00,T1767985233200,1138299,"Bitcoin Up or Down - January 9, 2:00PM-2:15PM ET",DOWN,0.5050,0.5500,0.0450,90680.75,3.39,112.96,116.22,WIN,6.65,3.26,TEST
2026-01-11T20:17:23.030422+00:00,T1768162643030,1154867,"Bitcoin Up or Down - January 11, 3:15PM-3:30PM ET",DOWN,0.4450,0.5200,0.0750,90466.14,3.49,116.22,120.49,WIN,7.76,4.27,TEST
2026-01-12T00:17:33.335689+00:00,T1768177053335,1156254,"Bitcoin Up or Down - January 11, 7:15PM-7:30PM ET",UP,0.4750,0.5200,0.0450,91037.54,3.61,120.49,124.41,WIN,7.52,3.91,TEST
2026-01-12T02:46:53.237747+00:00,T1768186013237,1156864,"Bitcoin Up or Down - January 11, 9:45PM-10:00PM ET",UP,0.4600,0.5200,0.0600,92099.97,3.73,124.41,128.70,WIN,8.03,4.30,TEST
2026-01-12T08:30:43.826647+00:00,T1768206643826,1158473,"Bitcoin Up or Down - January 12, 3:30AM-3:45AM ET",DOWN,0.4850,0.5200,0.0350,91373.77,3.86,128.70,124.84,LOSS,0.00,-3.86,TEST
2026-01-12T09:31:22.810974+00:00,T1768210282810,1158630,"Bitcoin Up or Down - January 12, 4:30AM-4:45AM ET",UP,0.4850,0.5200,0.0350,90900.00,3.75,124.84,121.09,LOSS,0.00,-3.75,TEST
2026-01-12T15:15:02.058532+00:00,T1768230902058,1160060,"Bitcoin Up or Down - January 12, 10:15AM-10:30AM E",UP,0.4850,0.5200,0.0350,90927.75,3.63,121.09,124.87,WIN,7.41,3.78,TEST
2026-01-12T15:30:01.907965+00:00,T1768231801907,1160180,"Bitcoin Up or Down - January 12, 10:30AM-10:45AM E",UP,0.4650,0.5200,0.0550,91319.99,3.52,124.87,128.85,WIN,7.49,3.97,TEST
2026-01-12T16:02:40.521886+00:00,T1768233760521,1160258,"Bitcoin Up or Down - January 12, 11:00AM-11:15AM E",UP,0.4450,0.5200,0.0750,91801.57,3.87,128.85,124.98,LOSS,0.00,-3.87,TEST
2026-01-12T16:15:02.796991+00:00,T1768234502796,1160276,"Bitcoin Up or Down - January 12, 11:15AM-11:30AM E",UP,0.4650,0.5200,0.0550,91860.26,3.75,124.98,129.21,WIN,7.98,4.23,TEST
2026-01-12T16:31:58.979740+00:00,T1768235518979,1160425,"Bitcoin Up or Down - January 12, 11:30AM-11:45AM E",UP,0.4650,0.5500,0.0850,92257.38,3.88,129.21,125.33,LOSS,0.00,-3.88,TEST
2026-01-12T17:01:15.465846+00:00,T1768237275465,1160613,"Bitcoin Up or Down - January 12, 12:00PM-12:15PM E",UP,0.4550,0.5200,0.0650,92211.47,3.76,125.33,129.75,WIN,8.18,4.42,TEST
2026-01-12T17:32:49.129031+00:00,T1768239169129,1160915,"Bitcoin Up or Down - January 12, 12:30PM-12:45PM E",DOWN,0.4650,0.5500,0.0850,91210.01,3.89,129.75,125.86,LOSS,0.00,-3.89,TEST
2026-01-12T21:45:01.588568+00:00,T1768254301588,1163224,"Bitcoin Up or Down - January 12, 4:45PM-5:00PM ET",DOWN,0.4850,0.5200,0.0350,91289.84,3.78,125.86,122.08,LOSS,0.00,-3.78,TEST
2026-01-12T22:46:14.228984+00:00,T1768257974228,1163500,"Bitcoin Up or Down - January 12, 5:45PM-6:00PM ET",DOWN,0.4650,0.5200,0.0550,91292.19,3.66,122.08,126.21,WIN,7.79,4.13,TEST
2026-01-13T13:31:40.189289+00:00,T1768311100189,1167251,"Bitcoin Up or Down - January 13, 8:30AM-8:45AM ET",UP,0.5100,0.5500,0.0400,92369.61,3.79,126.21,129.78,WIN,7.36,3.57,TEST
2026-01-13T14:01:51.267647+00:00,T1768312911267,1167294,"Bitcoin Up or Down - January 13, 9:00AM-9:15AM ET",DOWN,0.5150,0.5500,0.0350,91805.00,3.89,129.78,125.89,LOSS,0.00,-3.89,TEST
2026-01-13T14:30:02.205740+00:00,T1768314602205,1167450,"Bitcoin Up or Down - January 13, 9:30AM-9:45AM ET",UP,0.4850,0.5200,0.0350,92387.50,3.78,125.89,129.83,WIN,7.72,3.94,TEST
2026-01-13T15:00:05.370149+00:00,T1768316405370,1167604,"Bitcoin Up or Down - January 13, 10:00AM-10:15AM E",DOWN,0.5150,0.5500,0.0350,92357.09,3.89,129.83,133.42,WIN,7.48,3.59,TEST
2026-01-13T15:16:49.017383+00:00,T1768317409017,1167649,"Bitcoin Up or Down - January 13, 10:15AM-10:30AM E",DOWN,0.4850,0.5200,0.0350,92465.60,4.00,133.42,137.58,WIN,8.16,4.16,TEST
2026-01-13T15:46:01.296286+00:00,T1768319161296,1167871,"Bitcoin Up or Down - January 13, 10:45AM-11:00AM E",UP,0.4850,0.5200,0.0350,93056.21,4.13,137.58,133.45,LOSS,0.00,-4.13,TEST
2026-01-13T16:31:26.243623+00:00,T1768321886243,1168201,"Bitcoin Up or Down - January 13, 11:30AM-11:45AM E",UP,0.4850,0.5200,0.0350,93273.00,4.00,133.45,137.62,WIN,8.16,4.16,TEST
2026-01-13T18:47:16.634072+00:00,T1768330036634,1169221,"Bitcoin Up or Down - January 13, 1:45PM-2:00PM ET",UP,0.4650,0.5200,0.0550,93759.92,4.13,137.62,142.28,WIN,8.79,4.66,TEST
2026-01-13T19:01:07.898506+00:00,T1768330867898,1169311,"Bitcoin Up or Down - January 13, 2:00PM-2:15PM ET",UP,0.4850,0.5200,0.0350,93670.98,4.00,142.28,138.28,LOSS,0.00,-4.00,TEST
2026-01-13T22:17:01.384382+00:00,T1768342621384,1170766,"Bitcoin Up or Down - January 13, 5:15PM-5:30PM ET",DOWN,0.5050,0.5500,0.0450,95104.15,4.15,138.28,142.26,WIN,8.14,3.99,TEST
2026-01-13T23:02:34.840363+00:00,T1768345354840,1170941,"Bitcoin Up or Down - January 13, 6:00PM-6:15PM ET",UP,0.4650,0.5200,0.0550,95903.45,4.27,142.26,147.08,WIN,9.09,4.82,TEST
2026-01-14T12:02:02.454404+00:00,T1768392122454,1179917,"Bitcoin Up or Down - January 14, 7:00AM-7:15AM ET",DOWN,0.4650,0.5200,0.0550,94680.68,4.41,147.08,152.06,WIN,9.39,4.98,TEST
2026-01-14T14:17:01.214183+00:00,T1768400221214,1179964,"Bitcoin Up or Down - January 14, 9:15AM-9:30AM ET",UP,0.4950,0.5500,0.0550,95713.67,4.56,152.06,156.62,WIN,9.12,4.56,TEST
2026-01-14T14:32:30.918584+00:00,T1768401150918,1179978,"Bitcoin Up or Down - January 14, 9:30AM-9:45AM ET",DOWN,0.5150,0.5500,0.0350,95415.61,4.70,156.62,160.96,WIN,9.03,4.33,TEST
2026-01-14T14:46:36.254194+00:00,T1768401996254,1180011,"Bitcoin Up or Down - January 14, 9:45AM-10:00AM ET",UP,0.4650,0.5200,0.0550,96077.35,4.56,160.96,156.40,LOSS,0.00,-4.56,TEST
2026-01-14T18:15:13.520680+00:00,T1768414513520,1180052,"Bitcoin Up or Down - January 14, 1:15PM-1:30PM ET",DOWN,0.4850,0.5500,0.0650,96682.57,4.69,156.40,161.28,WIN,9.57,4.88,TEST
2026-01-14T18:30:10.936605+00:00,T1768415410936,1180089,"Bitcoin Up or Down - January 14, 1:30PM-1:45PM ET",UP,0.4850,0.5200,0.0350,97103.25,4.55,161.28,166.02,WIN,9.29,4.74,TEST
2026-01-14T18:45:03.461092+00:00,T1768416303461,1180087,"Bitcoin Up or Down - January 14, 1:45PM-2:00PM ET",DOWN,0.4450,0.5200,0.0750,96356.56,4.70,166.02,161.32,LOSS,0.00,-4.70,TEST
2026-01-14T19:16:03.492506+00:00,T1768418163492,1180085,"Bitcoin Up or Down - January 14, 2:15PM-2:30PM ET",UP,0.4950,0.5500,0.0550,97037.03,4.84,161.32,156.48,LOSS,0.00,-4.84,TEST
2026-01-14T21:02:32.624297+00:00,T1768424552624,1180213,"Bitcoin Up or Down - January 14, 4:00PM-4:15PM ET",DOWN,0.5150,0.5500,0.0350,97437.20,4.69,156.48,160.81,WIN,9.02,4.33,TEST
2026-01-15T05:01:35.242554+00:00,T1768453295242,1180809,"Bitcoin Up or Down - January 15, 12:00AM-12:15AM E",UP,0.4950,0.5500,0.0550,96393.54,4.82,160.81,165.63,WIN,9.64,4.82,TEST
2026-01-15T12:00:10.915202+00:00,T1768478410915,1182230,"Bitcoin Up or Down - January 15, 7:00AM-7:15AM ET",DOWN,0.4850,0.5200,0.0350,96528.81,4.97,165.63,160.66,LOSS,0.00,-4.97,TEST
2026-01-15T13:32:49.082878+00:00,T1768483969082,1182475,"Bitcoin Up or Down - January 15, 8:30AM-8:45AM ET",DOWN,0.5050,0.5500,0.0450,96710.40,4.82,160.66,165.28,WIN,9.45,4.63,TEST
2026-01-15T15:30:43.264728+00:00,T1768491043264,1183491,"Bitcoin Up or Down - January 15, 10:30AM-10:45AM E",DOWN,0.4650,0.5200,0.0550,95888.01,4.96,165.28,170.88,WIN,10.56,5.60,TEST
2026-01-15T15:46:58.388529+00:00,T1768492018388,1183508,"Bitcoin Up or Down - January 15, 10:45AM-11:00AM E",DOWN,0.5050,0.5500,0.0450,95684.50,5.13,170.88,175.81,WIN,10.06,4.93,TEST
2026-01-15T16:17:16.983450+00:00,T1768493836983,1183662,"Bitcoin Up or Down - January 15, 11:15AM-11:30AM E",UP,0.5150,0.5500,0.0350,96576.91,5.27,175.81,180.67,WIN,10.13,4.86,TEST
2026-01-15T17:15:33.291080+00:00,T1768497333291,1184183,"Bitcoin Up or Down - January 15, 12:15PM-12:30PM E",DOWN,0.4850,0.5200,0.0350,96452.87,5.42,180.67,175.25,LOSS,0.00,-5.42,TEST
2026-01-15T19:01:47.148444+00:00,T1768503707148,1184769,"Bitcoin Up or Down - January 15, 2:00PM-2:15PM ET",DOWN,0.4250,0.5200,0.0950,95723.30,5.26,175.25,182.25,WIN,12.25,6.99,TEST
2026-01-15T19:30:58.608669+00:00,T1768505458608,1184998,"Bitcoin Up or Down - January 15, 2:30PM-2:45PM ET",DOWN,0.4350,0.5200,0.0850,95458.92,5.47,182.25,176.78,LOSS,0.00,-5.47,TEST
2026-01-15T20:30:03.313206+00:00,T1768509003313,1185451,"Bitcoin Up or Down - January 15, 3:30PM-3:45PM ET",DOWN,0.4550,0.5200,0.0650,95198.87,5.30,176.78,171.48,LOSS,0.00,-5.30,TEST
2026-01-15T21:45:15.827939+00:00,T1768513515827,1185725,"Bitcoin Up or Down - January 15, 4:45PM-5:00PM ET",UP,0.4850,0.5200,0.0350,95548.02,5.14,171.48,166.34,LOSS,0.00,-5.14,TEST
2026-01-16T08:30:33.911278+00:00,T1768552233911,1188864,"Bitcoin Up or Down - January 16, 3:30AM-3:45AM ET",UP,0.4650,0.5200,0.0550,95848.00,4.99,166.34,171.97,WIN,10.62,5.63,TEST
2026-01-16T09:16:42.407151+00:00,T1768555002407,1189044,"Bitcoin Up or Down - January 16, 4:15AM-4:30AM ET",DOWN,0.4850,0.5200,0.0350,95620.68,5.16,171.97,177.34,WIN,10.53,5.37,TEST
2026-01-16T10:17:21.520459+00:00,T1768558641520,1189264,"Bitcoin Up or Down - January 16, 5:15AM-5:30AM ET",DOWN,0.4650,0.5200,0.0550,95452.75,5.32,177.34,183.35,WIN,11.33,6.01,TEST
2026-01-16T14:30:12.641760+00:00,T1768573812641,1190288,"Bitcoin Up or Down - January 16, 9:30AM-9:45AM ET",UP,0.5100,0.5500,0.0400,95783.29,5.50,183.35,188.52,WIN,10.68,5.18,TEST
2026-01-16T15:17:23.737185+00:00,T1768576643737,1190766,"Bitcoin Up or Down - January 16, 10:15AM-10:30AM E",DOWN,0.4850,0.5200,0.0350,95474.61,5.66,188.52,182.86,LOSS,0.00,-5.66,TEST
2026-01-16T15:47:00.486743+00:00,T1768578420486,1191010,"Bitcoin Up or Down - January 16, 10:45AM-11:00AM E",DOWN,0.4750,0.5200,0.0450,94400.01,5.49,182.86,177.37,LOSS,0.00,-5.49,TEST
2026-01-16T16:00:18.279671+00:00,T1768579218279,1192344,"Bitcoin Up or Down - January 16, 11:00AM-11:15AM E",DOWN,0.4650,0.5200,0.0550,94559.81,5.32,177.37,172.05,LOSS,0.00,-5.32,TEST
2026-01-16T18:17:46.429661+00:00,T1768587466429,1193490,"Bitcoin Up or Down - January 16, 1:15PM-1:30PM ET",UP,0.4850,0.5200,0.0350,95183.13,5.16,172.05,177.43,WIN,10.53,5.37,TEST
2026-01-16T21:01:55.601728+00:00,T1768597315601,1194409,"Bitcoin Up or Down - January 16, 4:00PM-4:15PM ET",UP,0.3450,0.5200,0.1750,95540.60,5.32,177.43,187.37,WIN,15.27,9.95,TEST
2026-01-16T22:30:14.490327+00:00,T1768602614490,1195010,"Bitcoin Up or Down - January 16, 5:30PM-5:45PM ET",DOWN,0.4650,0.5200,0.0550,95322.51,5.62,187.37,193.72,WIN,11.97,6.35,TEST
2026-01-18T23:30:03.082077+00:00,T1768779003082,1210369,"Bitcoin Up or Down - January 18, 6:30PM-6:45PM ET",DOWN,0.4850,0.5500,0.0650,94607.18,5.81,193.72,199.77,WIN,11.86,6.05,TEST
2026-01-18T23:46:18.000667+00:00,T1768779978000,1210392,"Bitcoin Up or Down - January 18, 6:45PM-7:00PM ET",DOWN,0.4750,0.5200,0.0450,94370.01,5.99,199.77,193.78,LOSS,0.00,-5.99,TEST
2026-01-19T00:15:08.821626+00:00,T1768781708821,1210724,"Bitcoin Up or Down - January 18, 7:15PM-7:30PM ET",DOWN,0.4550,0.5500,0.0950,92362.73,5.81,193.78,187.97,LOSS,0.00,-5.81,TEST
2026-01-19T00:32:35.737393+00:00,T1768782755737,1210745,"Bitcoin Up or Down - January 18, 7:30PM-7:45PM ET",DOWN,0.4650,0.5200,0.0550,92543.90,5.64,187.97,194.34,WIN,12.01,6.37,TEST
2026-01-19T02:02:23.835697+00:00,T1768788143835,1210952,"Bitcoin Up or Down - January 18, 9:00PM-9:15PM ET",DOWN,0.4450,0.5200,0.0750,92492.35,5.83,194.34,201.48,WIN,12.97,7.14,TEST
2026-01-19T06:16:13.839048+00:00,T1768803373839,1211782,"Bitcoin Up or Down - January 19, 1:15AM-1:30AM ET",DOWN,0.4500,0.5200,0.0700,92408.08,6.04,201.48,208.72,WIN,13.29,7.25,TEST
2026-01-19T21:17:48.121428+00:00,T1768857468121,1215263,"Bitcoin Up or Down - January 19, 4:15PM-4:30PM ET",DOWN,0.4750,0.5200,0.0450,93000.04,6.26,208.72,215.51,WIN,13.05,6.79,TEST
2026-01-19T23:17:27.533465+00:00,T1768864647533,1216020,"Bitcoin Up or Down - January 19, 6:15PM-6:30PM ET",DOWN,0.4550,0.5500,0.0950,92201.99,6.47,215.51,223.12,WIN,14.08,7.61,TEST
2026-01-20T05:00:23.827274+00:00,T1768885223827,1217604,"Bitcoin Up or Down - January 20, 12:00AM-12:15AM E",DOWN,0.4750,0.5200,0.0450,92024.59,6.69,223.12,216.43,LOSS,0.00,-6.69,TEST
2026-01-20T05:15:12.106207+00:00,T1768886112106,1217813,"Bitcoin Up or Down - January 20, 12:15AM-12:30AM E",DOWN,0.4550,0.5200,0.0650,91325.26,6.49,216.43,224.06,WIN,14.12,7.63,TEST
2026-01-20T06:31:33.566247+00:00,T1768890693566,1218176,"Bitcoin Up or Down - January 20, 1:30AM-1:45AM ET",DOWN,0.4450,0.5200,0.0750,91140.00,6.72,224.06,232.29,WIN,14.95,8.23,TEST
2026-01-20T06:46:43.210621+00:00,T1768891603210,1218198,"Bitcoin Up or Down - January 20, 1:45AM-2:00AM ET",DOWN,0.4450,0.5200,0.0750,90990.46,6.52,232.29,240.28,WIN,14.51,7.99,TEST
2026-01-20T14:18:00.054316+00:00,T1768918680054,1220118,"Bitcoin Up or Down - January 20, 9:15AM-9:30AM ET",DOWN,0.5000,0.5500,0.0500,90879.02,7.21,240.28,233.07,LOSS,0.00,-7.21,TEST
2026-01-20T14:31:45.160121+00:00,T1768919505160,1220154,"Bitcoin Up or Down - January 20, 9:30AM-9:45AM ET",DOWN,0.4950,0.5500,0.0550,90767.68,6.99,233.07,240.06,WIN,13.98,6.99,TEST
2026-01-20T14:46:16.798860+00:00,T1768920376798,1220168,"Bitcoin Up or Down - January 20, 9:45AM-10:00AM ET",DOWN,0.4750,0.5200,0.0450,90825.00,6.78,240.06,247.41,WIN,14.13,7.35,TEST
2026-01-20T15:00:53.993048+00:00,T1768921253993,1220273,"Bitcoin Up or Down - January 20, 10:00AM-10:15AM E",DOWN,0.4550,0.5200,0.0650,90527.21,7.00,247.41,240.41,LOSS,0.00,-7.00,TEST
2026-01-20T15:15:03.857795+00:00,T1768922103857,1220494,"Bitcoin Up or Down - January 20, 10:15AM-10:30AM E",DOWN,0.4550,0.5200,0.0650,90310.52,7.21,240.41,233.20,LOSS,0.00,-7.21,TEST
2026-01-20T16:32:51.092331+00:00,T1768926771092,1220881,"Bitcoin Up or Down - January 20, 11:30AM-11:45AM E",DOWN,0.4750,0.5200,0.0450,90533.66,7.00,233.20,240.79,WIN,14.59,7.59,TEST
2026-01-20T16:45:29.918916+00:00,T1768927529918,1220895,"Bitcoin Up or Down - January 20, 11:45AM-12:00PM E",DOWN,0.4750,0.5200,0.0450,90054.72,6.79,240.79,248.15,WIN,14.15,7.36,TEST
2026-01-20T18:30:02.765519+00:00,T1768933802765,1221934,"Bitcoin Up or Down - January 20, 1:30PM-1:45PM ET",DOWN,0.4750,0.5200,0.0450,89738.93,7.44,248.15,240.71,LOSS,0.00,-7.44,TEST
2026-01-20T19:45:02.914438+00:00,T1768938302914,1222270,"Bitcoin Up or Down - January 20, 2:45PM-3:00PM ET",DOWN,0.4550,0.5200,0.0650,89424.22,7.22,240.71,249.20,WIN,15.71,8.49,TEST
2026-01-20T20:02:56.775619+00:00,T1768939376775,1222329,"Bitcoin Up or Down - January 20, 3:00PM-3:15PM ET",DOWN,0.4950,0.5500,0.0550,89541.86,7.48,249.20,256.68,WIN,14.96,7.48,TEST
2026-01-21T03:15:36.074150+00:00,T1768965336074,1224816,"Bitcoin Up or Down - January 20, 10:15PM-10:30PM E",UP,0.4750,0.5200,0.0450,89207.17,7.70,256.68,248.98,LOSS,0.00,-7.70,TEST
2026-01-21T05:47:08.341899+00:00,T1768974428341,1225433,"Bitcoin Up or Down - January 21, 12:45AM-1:00AM ET",UP,0.4850,0.5200,0.0350,90028.95,7.47,248.98,241.51,LOSS,0.00,-7.47,TEST
2026-01-21T06:46:02.943933+00:00,T1768977962943,1225724,"Bitcoin Up or Down - January 21, 1:45AM-2:00AM ET",DOWN,0.4650,0.5200,0.0550,89520.50,7.25,241.51,234.26,LOSS,0.00,-7.25,TEST
2026-01-21T07:02:04.313394+00:00,T1768978924313,1225761,"Bitcoin Up or Down - January 21, 2:00AM-2:15AM ET",DOWN,0.4650,0.5200,0.0550,89541.19,7.03,234.26,227.23,LOSS,0.00,-7.03,TEST
2026-01-21T08:15:01.893121+00:00,T1768983301893,1226099,"Bitcoin Up or Down - January 21, 3:15AM-3:30AM ET",DOWN,0.4750,0.5200,0.0450,89168.99,6.82,227.23,220.41,LOSS,0.00,-6.82,TEST
2026-01-21T11:47:44.110586+00:00,T1768996064110,1226997,"Bitcoin Up or Down - January 21, 6:45AM-7:00AM ET",DOWN,0.4850,0.5200,0.0350,89178.47,6.61,220.41,213.80,LOSS,0.00,-6.61,TEST
2026-01-21T14:00:04.046538+00:00,T1769004004046,1227503,"Bitcoin Up or Down - January 21, 9:00AM-9:15AM ET",DOWN,0.4750,0.5500,0.0750,88623.59,6.41,213.80,220.75,WIN,13.36,6.95,TEST
2026-01-21T15:15:05.121640+00:00,T1769008505121,1227931,"Bitcoin Up or Down - January 21, 10:15AM-10:30AM E",UP,0.4650,0.5200,0.0550,90371.85,6.62,220.75,214.13,LOSS,0.00,-6.62,TEST
2026-01-21T15:30:11.938218+00:00,T1769009411938,1227948,"Bitcoin Up or Down - January 21, 10:30AM-10:45AM E",DOWN,0.5150,0.5500,0.0350,89967.03,6.42,214.13,207.71,LOSS,0.00,-6.42,TEST
2026-01-21T15:52:54.142448+00:00,T1769010774142,1228018,"Bitcoin Up or Down - January 21, 10:45AM-11:00AM E",UP,0.4850,0.5200,0.0350,90260.29,6.23,207.71,201.48,LOSS,0.00,-6.23,TEST
2026-01-21T16:15:06.232162+00:00,T1769012106232,1228377,"Bitcoin Up or Down - January 21, 11:15AM-11:30AM E",DOWN,0.5050,0.5500,0.0450,89666.86,6.04,201.48,195.44,LOSS,0.00,-6.04,TEST
2026-01-21T16:31:05.659056+00:00,T1769013065659,1228404,"Bitcoin Up or Down - January 21, 11:30AM-11:45AM E",DOWN,0.4650,0.5200,0.0550,89487.39,5.86,195.44,202.05,WIN,12.48,6.62,TEST
2026-01-21T16:45:01.530801+00:00,T1769013901530,1228438,"Bitcoin Up or Down - January 21, 11:45AM-12:00PM E",DOWN,0.4850,0.5500,0.0650,88142.01,5.69,202.05,207.98,WIN,11.61,5.92,TEST
2026-01-21T17:15:01.867653+00:00,T1769015701867,1228944,"Bitcoin Up or Down - January 21, 12:15PM-12:30PM E",DOWN,0.4850,0.5500,0.0650,87355.91,6.24,207.98,214.47,WIN,12.74,6.50,TEST
2026-01-21T17:30:45.542677+00:00,T1769016645542,1228982,"Bitcoin Up or Down - January 21, 12:30PM-12:45PM E",UP,0.5150,0.5500,0.0350,87878.46,6.43,214.47,208.04,LOSS,0.00,-6.43,TEST
2026-01-21T17:45:01.330767+00:00,T1769017501330,1228999,"Bitcoin Up or Down - January 21, 12:45PM-1:00PM ET",DOWN,0.4850,0.5200,0.0350,87909.63,6.24,208.04,214.54,WIN,12.74,6.50,TEST
2026-01-21T18:01:01.455577+00:00,T1769018461455,1229093,"Bitcoin Up or Down - January 21, 1:00PM-1:15PM ET",DOWN,0.4850,0.5200,0.0350,87850.02,6.44,214.54,221.25,WIN,13.15,6.71,TEST
2026-01-21T18:46:17.720951+00:00,T1769021177720,1229509,"Bitcoin Up or Down - January 21, 1:45PM-2:00PM ET",UP,0.4850,0.5200,0.0350,88220.00,6.64,221.25,228.16,WIN,13.55,6.91,TEST
2026-01-21T20:00:13.296204+00:00,T1769025613296,1229990,"Bitcoin Up or Down - January 21, 3:00PM-3:15PM ET",UP,0.4650,0.5200,0.0550,90353.65,6.84,228.16,235.88,WIN,14.56,7.72,TEST
2026-01-21T21:17:07.783795+00:00,T1769030227783,1230676,"Bitcoin Up or Down - January 21, 4:15PM-4:30PM ET",UP,0.4850,0.5200,0.0350,90200.00,7.08,235.88,243.26,WIN,14.45,7.37,TEST
2026-01-21T21:32:22.356890+00:00,T1769031142356,1230784,"Bitcoin Up or Down - January 21, 4:30PM-4:45PM ET",UP,0.4750,0.5200,0.0450,90171.00,7.30,243.26,251.17,WIN,15.21,7.91,TEST
2026-01-21T23:15:02.576756+00:00,T1769037302576,1231295,"Bitcoin Up or Down - January 21, 6:15PM-6:30PM ET",UP,0.4750,0.5500,0.0750,90190.48,7.54,251.17,243.63,LOSS,0.00,-7.54,TEST
2026-01-21T23:31:41.826672+00:00,T1769038301826,1231324,"Bitcoin Up or Down - January 21, 6:30PM-6:45PM ET",DOWN,0.4850,0.5200,0.0350,89915.72,7.31,243.63,251.24,WIN,14.92,7.61,TEST
2026-01-22T03:32:00.385578+00:00,T1769052720385,1232356,"Bitcoin Up or Down - January 21, 10:30PM-10:45PM E",DOWN,0.4750,0.5200,0.0450,89862.76,7.54,251.24,259.42,WIN,15.71,8.17,TEST
2026-01-22T06:01:05.356327+00:00,T1769061665356,1232907,"Bitcoin Up or Down - January 22, 1:00AM-1:15AM ET",UP,0.4850,0.5200,0.0350,90054.17,7.78,259.42,267.52,WIN,15.88,8.10,TEST
2026-01-22T06:15:06.316903+00:00,T1769062506316,1233037,"Bitcoin Up or Down - January 22, 1:15AM-1:30AM ET",UP,0.4850,0.5200,0.0350,90054.19,7.55,267.52,259.97,LOSS,0.00,-7.55,TEST
2026-01-22T14:46:16.652407+00:00,T1769093176652,1234831,"Bitcoin Up or Down - January 22, 9:45AM-10:00AM ET",DOWN,0.4750,0.5200,0.0450,89285.13,7.80,259.97,268.42,WIN,16.26,8.46,TEST
2026-01-22T16:02:15.060569+00:00,T1769097735060,1235205,"Bitcoin Up or Down - January 22, 11:00AM-11:15AM E",UP,0.5000,0.5500,0.0500,89189.90,8.05,268.42,260.37,LOSS,0.00,-8.05,TEST
2026-01-22T16:17:20.946425+00:00,T1769098640946,1235432,"Bitcoin Up or Down - January 22, 11:15AM-11:30AM E",DOWN,0.4850,0.5200,0.0350,88754.14,7.81,260.37,268.51,WIN,15.94,8.13,TEST
2026-01-22T17:01:58.765504+00:00,T1769101318765,1235686,"Bitcoin Up or Down - January 22, 12:00PM-12:15PM E",UP,0.5050,0.5500,0.0450,89173.99,8.06,268.51,276.25,WIN,15.80,7.74,TEST
2026-01-22T19:46:27.711560+00:00,T1769111187711,1236470,"Bitcoin Up or Down - January 22, 2:45PM-3:00PM ET",UP,0.4350,0.5200,0.0850,89896.00,8.29,276.25,286.82,WIN,18.87,10.58,TEST
2026-01-22T20:30:33.309162+00:00,T1769113833309,1236716,"Bitcoin Up or Down - January 22, 3:30PM-3:45PM ET",DOWN,0.4850,0.5200,0.0350,89484.01,8.60,286.82,295.78,WIN,17.55,8.95,TEST
2026-01-22T21:46:12.562056+00:00,T1769118372562,1237141,"Bitcoin Up or Down - January 22, 4:45PM-5:00PM ET",DOWN,0.4950,0.5500,0.0550,89253.42,8.87,295.78,304.65,WIN,17.74,8.87,TEST
2026-01-23T14:46:23.947897+00:00,T1769179583947,1241941,"Bitcoin Up or Down - January 23, 9:45AM-10:00AM ET",DOWN,0.4850,0.5200,0.0350,88838.71,9.14,304.65,314.17,WIN,18.66,9.52,TEST
2026-01-23T15:17:04.957261+00:00,T1769181424957,1242246,"Bitcoin Up or Down - January 23, 10:15AM-10:30AM E",DOWN,0.5050,0.5500,0.0450,88637.94,9.43,314.17,304.74,LOSS,0.00,-9.43,TEST
2026-01-23T15:47:36.059791+00:00,T1769183256059,1242536,"Bitcoin Up or Down - January 23, 10:45AM-11:00AM E",UP,0.4650,0.5200,0.0550,89408.78,9.14,304.74,315.06,WIN,19.46,10.32,TEST
2026-01-23T16:00:22.813970+00:00,T1769184022813,1242655,"Bitcoin Up or Down - January 23, 11:00AM-11:15AM E",UP,0.4500,0.5200,0.0700,89747.47,8.87,315.06,325.70,WIN,19.51,10.64,TEST
2026-01-23T17:30:59.245670+00:00,T1769189459245,1243266,"Bitcoin Up or Down - January 23, 12:30PM-12:45PM E",UP,0.4650,0.5500,0.0850,90966.90,9.77,325.70,315.93,LOSS,0.00,-9.77,TEST
2026-01-23T19:02:12.045870+00:00,T1769194932045,1243662,"Bitcoin Up or Down - January 23, 2:00PM-2:15PM ET",DOWN,0.4750,0.5200,0.0450,90399.62,9.48,315.93,326.21,WIN,19.76,10.28,TEST
2026-01-23T19:15:02.474996+00:00,T1769195702474,1243874,"Bitcoin Up or Down - January 23, 2:15PM-2:30PM ET",DOWN,0.4750,0.5200,0.0450,90274.01,9.19,326.21,317.02,LOSS,0.00,-9.19,TEST
2026-01-23T19:31:24.686031+00:00,T1769196684686,1243908,"Bitcoin Up or Down - January 23, 2:30PM-2:45PM ET",DOWN,0.4650,0.5200,0.0550,89807.32,9.51,317.02,307.51,LOSS,0.00,-9.51,TEST
2026-01-23T20:30:11.512498+00:00,T1769200211512,1244225,"Bitcoin Up or Down - January 23, 3:30PM-3:45PM ET",DOWN,0.5050,0.5500,0.0450,89672.33,9.23,307.51,298.28,LOSS,0.00,-9.23,TEST
2026-01-25T03:31:34.037917+00:00,T1769311894037,1255461,"Bitcoin Up or Down - January 24, 10:30PM-10:45PM E",DOWN,0.4450,0.5200,0.0750,88885.55,8.95,298.28,289.33,LOSS,0.00,-8.95,TEST
2026-01-25T08:46:49.297394+00:00,T1769330809297,1257017,"Bitcoin Up or Down - January 25, 3:45AM-4:00AM ET",DOWN,0.4200,0.5200,0.1000,88211.10,8.68,289.33,280.65,LOSS,0.00,-8.68,TEST
2026-01-25T16:45:41.161541+00:00,T1769359541161,1259117,"Bitcoin Up or Down - January 25, 11:45AM-12:00PM E",DOWN,0.4750,0.5200,0.0450,87892.21,8.42,280.65,289.78,WIN,17.55,9.13,TEST
2026-01-25T18:46:50.583321+00:00,T1769366810583,1259980,"Bitcoin Up or Down - January 25, 1:45PM-2:00PM ET",DOWN,0.4150,0.5200,0.1050,87165.26,8.69,289.78,281.09,LOSS,0.00,-8.69,TEST
2026-01-25T19:30:02.822341+00:00,T1769369402822,1260375,"Bitcoin Up or Down - January 25, 2:30PM-2:45PM ET",DOWN,0.4450,0.5200,0.0750,86486.68,8.43,281.09,272.66,LOSS,0.00,-8.43,TEST
2026-01-25T19:45:12.671709+00:00,T1769370312671,1260390,"Bitcoin Up or Down - January 25, 2:45PM-3:00PM ET",DOWN,0.4650,0.5200,0.0550,86643.45,8.18,272.66,264.48,LOSS,0.00,-8.18,TEST
2026-01-25T23:00:04.949510+00:00,T1769382004949,1261384,"Bitcoin Up or Down - January 25, 6:00PM-6:15PM ET",DOWN,0.4850,0.5200,0.0350,86417.98,7.93,264.48,272.74,WIN,16.19,8.26,TEST
2026-01-25T23:15:35.940392+00:00,T1769382935940,1261570,"Bitcoin Up or Down - January 25, 6:15PM-6:30PM ET",DOWN,0.4550,0.5200,0.0650,86292.11,8.18,272.74,282.35,WIN,17.80,9.62,TEST
2026-01-26T09:02:40.956799+00:00,T1769418160956,1264192,"Bitcoin Up or Down - January 26, 4:00AM-4:15AM ET",DOWN,0.4250,0.5200,0.0950,87881.58,8.47,282.35,293.61,WIN,19.73,11.26,TEST
2026-01-26T13:15:33.635903+00:00,T1769433333635,1265346,"Bitcoin Up or Down - January 26, 8:15AM-8:30AM ET",UP,0.4850,0.5200,0.0350,87862.87,8.81,293.61,302.79,WIN,17.98,9.17,TEST
2026-01-26T14:46:36.559851+00:00,T1769438796559,1265602,"Bitcoin Up or Down - January 26, 9:45AM-10:00AM ET",UP,0.4800,0.5500,0.0700,88281.05,9.08,302.79,293.71,LOSS,0.00,-9.08,TEST
2026-01-26T15:47:05.707854+00:00,T1769442425707,1266119,"Bitcoin Up or Down - January 26, 10:45AM-11:00AM E",DOWN,0.4750,0.5200,0.0450,87342.17,8.81,293.71,284.90,LOSS,0.00,-8.81,TEST
2026-01-26T16:23:35.364932+00:00,T1769444615364,1266304,"Bitcoin Up or Down - January 26, 11:15AM-11:30AM E",DOWN,0.4800,0.5200,0.0400,87381.17,8.55,284.90,276.35,LOSS,0.00,-8.55,TEST
2026-01-26T16:46:46.948363+00:00,T1769446006948,1266370,"Bitcoin Up or Down - January 26, 11:45AM-12:00PM E",UP,0.5150,0.5500,0.0350,87650.00,8.29,276.35,268.06,LOSS,0.00,-8.29,TEST
2026-01-26T19:01:26.667242+00:00,T1769454086667,1267097,"Bitcoin Up or Down - January 26, 2:00PM-2:15PM ET",UP,0.4850,0.5200,0.0350,88533.74,8.04,268.06,260.02,LOSS,0.00,-8.04,TEST
2026-01-26T23:32:48.260273+00:00,T1769470368260,1268563,"Bitcoin Up or Down - January 26, 6:30PM-6:45PM ET",UP,0.4500,0.5200,0.0700,88599.60,7.80,260.02,269.38,WIN,17.16,9.36,TEST
2026-01-27T01:01:41.306086+00:00,T1769475701306,1268949,"Bitcoin Up or Down - January 26, 8:00PM-8:15PM ET",DOWN,0.4850,0.5200,0.0350,88250.00,8.08,269.38,261.30,LOSS,0.00,-8.08,TEST
2026-01-27T14:15:50.889033+00:00,T1769523350889,1271263,"Bitcoin Up or Down - January 27, 9:15AM-9:30AM ET",UP,0.5050,0.5500,0.0450,88403.72,7.84,261.30,253.46,LOSS,0.00,-7.84,TEST
2026-01-27T15:01:27.956303+00:00,T1769526087956,1271395,"Bitcoin Up or Down - January 27, 10:00AM-10:15AM E",DOWN,0.4850,0.5200,0.0350,87659.00,7.60,253.46,261.37,WIN,15.51,7.91,TEST
2026-01-27T16:30:45.707736+00:00,T1769531445707,1271866,"Bitcoin Up or Down - January 27, 11:30AM-11:45AM E",UP,0.4650,0.5200,0.0550,88476.53,7.84,261.37,270.22,WIN,16.69,8.85,TEST
2026-01-27T17:55:24.639941+00:00,T1769536524639,1272233,"Bitcoin Up or Down - January 27, 12:45PM-1:00PM ET",DOWN,0.4650,0.5200,0.0550,87366.31,8.11,270.22,279.38,WIN,17.27,9.16,TEST
2026-01-27T20:31:54.313336+00:00,T1769545914313,1272981,"Bitcoin Up or Down - January 27, 3:30PM-3:45PM ET",DOWN,0.4950,0.5500,0.0550,88933.43,8.38,279.38,271.00,LOSS,0.00,-8.38,TEST
2026-01-28T01:32:39.006680+00:00,T1769563959006,1274589,"Bitcoin Up or Down - January 27, 8:30PM-8:45PM ET",DOWN,0.4850,0.5200,0.0350,89227.35,8.13,271.00,262.87,LOSS,0.00,-8.13,TEST
2026-01-28T06:00:07.324737+00:00,T1769580007324,1275497,"Bitcoin Up or Down - January 28, 1:00AM-1:15AM ET",UP,0.4800,0.5200,0.0400,89133.75,7.89,262.87,271.25,WIN,16.27,8.38,TEST
2026-01-28T15:16:34.708638+00:00,T1769613394708,1277848,"Bitcoin Up or Down - January 28, 10:15AM-10:30AM E",DOWN,0.3950,0.5200,0.1250,89121.97,8.14,271.25,263.11,LOSS,0.00,-8.14,TEST
2026-01-28T18:46:52.717305+00:00,T1769626012717,1279005,"Bitcoin Up or Down - January 28, 1:45PM-2:00PM ET",DOWN,0.4550,0.5200,0.0650,89538.47,7.89,263.11,272.39,WIN,17.17,9.28,TEST
2026-01-28T19:30:04.944517+00:00,T1769628604944,1279214,"Bitcoin Up or Down - January 28, 2:30PM-2:45PM ET",DOWN,0.4750,0.5200,0.0450,89344.65,8.17,272.39,281.25,WIN,17.03,8.86,TEST
2026-01-28T21:32:23.405674+00:00,T1769635943405,1279592,"Bitcoin Up or Down - January 28, 4:30PM-4:45PM ET",DOWN,0.4750,0.5200,0.0450,89082.38,8.44,281.25,272.81,LOSS,0.00,-8.44,TEST
2026-01-29T02:30:37.294012+00:00,T1769653837294,1280604,"Bitcoin Up or Down - January 28, 9:30PM-9:45PM ET",DOWN,0.4850,0.5200,0.0350,88536.80,8.18,272.81,281.33,WIN,16.70,8.52,TEST
2026-01-29T15:31:49.648383+00:00,T1769700709648,1284486,"Bitcoin Up or Down - January 29, 10:30AM-10:45AM E",DOWN,0.4450,0.5200,0.0750,85393.82,8.44,281.33,291.66,WIN,18.78,10.34,TEST
2026-01-29T16:45:07.499242+00:00,T1769705107499,1285770,"Bitcoin Up or Down - January 29, 11:45AM-12:00PM E",DOWN,0.4650,0.5200,0.0550,84621.40,8.75,291.66,301.54,WIN,18.63,9.88,TEST
2026-01-29T17:54:31.049506+00:00,T1769709271049,1286157,"Bitcoin Up or Down - January 29, 12:45PM-1:00PM ET",DOWN,0.4900,0.5500,0.0600,84351.12,9.05,301.54,310.78,WIN,18.28,9.23,TEST
2026-01-29T20:47:53.040585+00:00,T1769719673040,1287082,"Bitcoin Up or Down - January 29, 3:45PM-4:00PM ET",UP,0.4800,0.5200,0.0400,84197.64,9.32,310.78,320.68,WIN,19.22,9.90,TEST
2026-01-30T01:01:02.143470+00:00,T1769734862143,1288168,"Bitcoin Up or Down - January 29, 8:00PM-8:15PM ET",DOWN,0.4750,0.5200,0.0450,84154.28,9.62,320.68,311.06,LOSS,0.00,-9.62,TEST
2026-01-30T01:46:47.691687+00:00,T1769737607691,1288428,"Bitcoin Up or Down - January 29, 8:45PM-9:00PM ET",DOWN,0.4650,0.5200,0.0550,81834.88,9.33,311.06,301.73,LOSS,0.00,-9.33,TEST
2026-01-30T02:15:03.768950+00:00,T1769739303768,1289397,"Bitcoin Up or Down - January 29, 9:15PM-9:30PM ET",DOWN,0.4650,0.5200,0.0550,81924.94,9.05,301.73,292.68,LOSS,0.00,-9.05,TEST
2026-01-30T07:02:03.245444+00:00,T1769756523245,1290738,"Bitcoin Up or Down - January 30, 2:00AM-2:15AM ET",UP,0.4850,0.5200,0.0350,82695.66,8.78,292.68,283.90,LOSS,0.00,-8.78,TEST
2026-01-30T11:45:20.974948+00:00,T1769773520974,1292090,"Bitcoin Up or Down - January 30, 6:45AM-7:00AM ET",DOWN,0.4850,0.5200,0.0350,82822.22,8.52,283.90,275.38,LOSS,0.00,-8.52,TEST
2026-01-30T12:45:51.557786+00:00,T1769777151557,1292359,"Bitcoin Up or Down - January 30, 7:45AM-8:00AM ET",DOWN,0.4850,0.5200,0.0350,82717.29,8.26,275.38,267.12,LOSS,0.00,-8.26,TEST
2026-01-30T13:05:11.387410+00:00,T1769778311387,1292494,"Bitcoin Up or Down - January 30, 8:00AM-8:15AM ET",DOWN,0.4850,0.5200,0.0350,82664.82,8.01,267.12,259.11,LOSS,0.00,-8.01,TEST
2026-01-30T13:30:41.622135+00:00,T1769779841622,1292705,"Bitcoin Up or Down - January 30, 8:30AM-8:45AM ET",DOWN,0.4750,0.5200,0.0450,82538.06,7.77,259.11,267.53,WIN,16.19,8.42,TEST
2026-01-30T14:01:23.406632+00:00,T1769781683406,1292784,"Bitcoin Up or Down - January 30, 9:00AM-9:15AM ET",UP,0.5150,0.5500,0.0350,82878.00,8.03,267.53,274.94,WIN,15.44,7.41,TEST
2026-01-30T14:30:52.785023+00:00,T1769783452785,1293035,"Bitcoin Up or Down - January 30, 9:30AM-9:45AM ET",UP,0.4850,0.5200,0.0350,83064.36,8.25,274.94,266.69,LOSS,0.00,-8.25,TEST
2026-01-30T14:45:56.687766+00:00,T1769784356687,1293044,"Bitcoin Up or Down - January 30, 9:45AM-10:00AM ET",UP,0.4450,0.5500,0.1050,83650.85,8.00,266.69,276.49,WIN,17.80,9.80,TEST
2026-01-30T15:16:13.236965+00:00,T1769786173236,1293413,"Bitcoin Up or Down - January 30, 10:15AM-10:30AM E",UP,0.4800,0.5200,0.0400,83459.99,8.29,276.49,285.29,WIN,17.10,8.81,TEST
2026-01-30T15:31:47.217653+00:00,T1769787107217,1293446,"Bitcoin Up or Down - January 30, 10:30AM-10:45AM E",DOWN,0.4750,0.5200,0.0450,82560.74,8.56,285.29,294.58,WIN,17.84,9.28,TEST
2026-01-30T16:16:24.851137+00:00,T1769789784851,1293837,"Bitcoin Up or Down - January 30, 11:15AM-11:30AM E",DOWN,0.4850,0.5200,0.0350,82954.47,8.84,294.58,303.78,WIN,18.04,9.20,TEST
2026-01-30T17:01:39.943703+00:00,T1769792499943,1294083,"Bitcoin Up or Down - January 30, 12:00PM-12:15PM E",DOWN,0.5150,0.5500,0.0350,82874.02,9.11,303.78,312.18,WIN,17.51,8.40,TEST
2026-01-30T18:00:17.694334+00:00,T1769796017694,1294360,"Bitcoin Up or Down - January 30, 1:00PM-1:15PM ET",DOWN,0.4850,0.5200,0.0350,82952.20,9.37,312.18,321.94,WIN,19.13,9.76,TEST
2026-01-30T18:32:51.539713+00:00,T1769797971539,1294619,"Bitcoin Up or Down - January 30, 1:30PM-1:45PM ET",DOWN,0.4450,0.5500,0.1050,82300.01,9.66,321.94,333.77,WIN,21.49,11.83,TEST
2026-01-30T19:00:39.160127+00:00,T1769799639160,1294674,"Bitcoin Up or Down - January 30, 2:00PM-2:15PM ET",UP,0.4400,0.5500,0.1100,83968.00,10.00,333.77,346.27,WIN,22.50,12.50,TEST
2026-01-30T20:45:32.866009+00:00,T1769805932866,1295953,"Bitcoin Up or Down - January 30, 3:45PM-4:00PM ET",UP,0.5150,0.5500,0.0350,84024.00,10.00,346.27,355.49,WIN,19.22,9.22,TEST
2026-01-31T07:30:59.948962+00:00,T1769844659948,1297879,"Bitcoin Up or Down - January 31, 2:30AM-2:45AM ET",DOWN,0.4750,0.5200,0.0450,83595.83,10.00,355.49,366.33,WIN,20.84,10.84,TEST
2026-01-31T08:36:03.168697+00:00,T1769848563168,1298002,"Bitcoin Up or Down - January 31, 3:30AM-3:45AM ET",DOWN,0.4350,0.5200,0.0850,82849.39,10.00,366.33,356.33,LOSS,0.00,-10.00,TEST
2026-01-31T14:30:06.603955+00:00,T1769869806603,1298947,"Bitcoin Up or Down - January 31, 9:30AM-9:45AM ET",DOWN,0.4550,0.5200,0.0650,81444.49,10.00,356.33,368.09,WIN,21.76,11.76,TEST
2026-01-31T15:00:09.259713+00:00,T1769871609259,1299143,"Bitcoin Up or Down - January 31, 10:00AM-10:15AM E",DOWN,0.4650,0.5200,0.0550,81449.18,10.00,368.09,358.09,LOSS,0.00,-10.00,TEST
2026-01-31T17:30:47.625223+00:00,T1769880647625,1299953,"Bitcoin Up or Down - January 31, 12:30PM-12:45PM E",DOWN,0.4500,0.5200,0.0700,79053.30,10.00,358.09,370.09,WIN,22.00,12.00,TEST
2026-01-31T18:15:10.808917+00:00,T1769883310808,1300227,"Bitcoin Up or Down - January 31, 1:15PM-1:30PM ET",DOWN,0.4450,0.5500,0.1050,78614.43,10.00,370.09,360.09,LOSS,0.00,-10.00,TEST
2026-01-31T18:45:17.305206+00:00,T1769885117305,1300307,"Bitcoin Up or Down - January 31, 1:45PM-2:00PM ET",DOWN,0.4050,0.5200,0.1150,77290.00,10.00,360.09,374.54,WIN,24.44,14.44,TEST
2026-01-31T19:00:20.346734+00:00,T1769886020346,1300336,"Bitcoin Up or Down - January 31, 2:00PM-2:15PM ET",UP,0.5150,0.5500,0.0350,78076.66,10.00,374.54,364.54,LOSS,0.00,-10.00,TEST
2026-01-31T19:16:10.766353+00:00,T1769886970766,1300540,"Bitcoin Up or Down - January 31, 2:15PM-2:30PM ET",UP,0.4550,0.5200,0.0650,78305.62,10.00,364.54,376.30,WIN,21.76,11.76,TEST
2026-01-31T19:30:41.617599+00:00,T1769887841617,1300543,"Bitcoin Up or Down - January 31, 2:30PM-2:45PM ET",DOWN,0.4750,0.5200,0.0450,77905.34,10.00,354.54,344.54,LOSS,0.00,-10.00,TEST
2026-01-31T20:30:41.502252+00:00,T1769891441502,1300835,"Bitcoin Up or Down - January 31, 3:30PM-3:45PM ET",DOWN,0.4950,0.5500,0.0550,77332.09,10.00,366.30,376.30,WIN,20.00,10.00,TEST
2026-01-31T20:46:04.608219+00:00,T1769892364608,1300840,"Bitcoin Up or Down - January 31, 3:45PM-4:00PM ET",DOWN,0.4200,0.5200,0.1000,77396.71,10.00,376.30,366.30,LOSS,0.00,-10.00,TEST
2026-01-31T21:30:59.594714+00:00,T1769895059594,1301187,"Bitcoin Up or Down - January 31, 4:30PM-4:45PM ET",DOWN,0.4350,0.5200,0.0850,77807.22,10.00,366.30,379.05,WIN,22.76,12.76,TEST
2026-01-31T22:46:10.540695+00:00,T1769899570540,1301536,"Bitcoin Up or Down - January 31, 5:45PM-6:00PM ET",DOWN,0.4650,0.5200,0.0550,78033.79,10.00,379.05,369.05,LOSS,0.00,-10.00,TEST
2026-01-31T23:51:24.445668+00:00,T1769903484445,1302447,"Bitcoin Up or Down - January 31, 6:45PM-7:00PM ET",UP,0.4850,0.5200,0.0350,78815.39,10.00,369.05,359.05,LOSS,0.00,-10.00,TEST
2026-02-01T00:16:28.555685+00:00,T1769904988555,1303023,"Bitcoin Up or Down - January 31, 7:15PM-7:30PM ET",UP,0.4650,0.5200,0.0550,79387.13,10.00,359.05,370.34,WIN,21.29,11.29,TEST
2026-02-01T00:31:59.903954+00:00,T1769905919903,1303053,"Bitcoin Up or Down - January 31, 7:30PM-7:45PM ET",DOWN,0.4350,0.5200,0.0850,79040.01,10.00,370.34,383.10,WIN,22.76,12.76,TEST
2026-02-01T00:45:02.669310+00:00,T1769906702669,1303057,"Bitcoin Up or Down - January 31, 7:45PM-8:00PM ET",DOWN,0.4550,0.5200,0.0650,78750.01,10.00,360.34,372.10,WIN,21.76,11.76,TEST
2026-02-01T01:16:45.536172+00:00,T1769908605536,1303313,"Bitcoin Up or Down - January 31, 8:15PM-8:30PM ET",DOWN,0.4550,0.5500,0.0950,78449.26,10.00,394.86,384.86,LOSS,0.00,-10.00,TEST
2026-02-01T01:32:08.972213+00:00,T1769909528972,1303331,"Bitcoin Up or Down - January 31, 8:30PM-8:45PM ET",DOWN,0.4350,0.5200,0.0850,78751.35,10.00,384.86,397.62,WIN,22.76,12.76,TEST
2026-02-01T02:32:02.588889+00:00,T1769913122588,1303618,"Bitcoin Up or Down - January 31, 9:30PM-9:45PM ET",UP,0.4850,0.5200,0.0350,78713.97,10.00,397.62,387.62,LOSS,0.00,-10.00,TEST
2026-02-01T02:47:13.288810+00:00,T1769914033288,1303717,"Bitcoin Up or Down - January 31, 9:45PM-10:00PM ET",UP,0.4500,0.5200,0.0700,78845.43,10.00,387.62,399.62,WIN,22.00,12.00,TEST
2026-02-01T03:02:09.780503+00:00,T1769914929780,1303744,"Bitcoin Up or Down - January 31, 10:00PM-10:15PM E",UP,0.4250,0.5200,0.0950,78994.66,10.00,377.62,367.62,LOSS,0.00,-10.00,TEST
2026-02-01T03:17:28.613283+00:00,T1769915848613,1303942,"Bitcoin Up or Down - January 31, 10:15PM-10:30PM E",DOWN,0.4750,0.5200,0.0450,78748.29,10.00,389.62,379.62,LOSS,0.00,-10.00,TEST
2026-02-01T08:01:42.548869+00:00,T1769932902548,1305694,"Bitcoin Up or Down - February 1, 3:00AM-3:15AM ET",UP,0.4650,0.5200,0.0550,78456.00,10.00,379.62,390.91,WIN,21.29,11.29,TEST
2026-02-01T08:16:42.785453+00:00,T1769933802785,1305865,"Bitcoin Up or Down - February 1, 3:15AM-3:30AM ET",DOWN,0.4950,0.5500,0.0550,78312.17,10.00,369.62,379.62,WIN,20.00,10.00,TEST
2026-02-01T09:31:56.247950+00:00,T1769938316247,1306180,"Bitcoin Up or Down - February 1, 4:30AM-4:45AM ET",UP,0.4650,0.5200,0.0550,78745.08,10.00,400.91,390.91,LOSS,0.00,-10.00,TEST
2026-02-01T10:46:57.760915+00:00,T1769942817760,1306488,"Bitcoin Up or Down - February 1, 5:45AM-6:00AM ET",DOWN,0.4150,0.5200,0.1050,78362.99,10.00,390.91,380.91,LOSS,0.00,-10.00,TEST
2026-02-01T11:17:16.277156+00:00,T1769944636277,1306768,"Bitcoin Up or Down - February 1, 6:15AM-6:30AM ET",DOWN,0.4900,0.5500,0.0600,78311.80,10.00,380.91,370.91,LOSS,0.00,-10.00,TEST
2026-02-01T12:17:59.982262+00:00,T1769948279982,1306999,"Bitcoin Up or Down - February 1, 7:15AM-7:30AM ET",DOWN,0.4550,0.5200,0.0650,78488.42,10.00,370.91,382.67,WIN,21.76,11.76,TEST
2026-02-01T12:45:02.868469+00:00,T1769949902868,1307037,"Bitcoin Up or Down - February 1, 7:45AM-8:00AM ET",DOWN,0.4850,0.5200,0.0350,78427.48,10.00,382.67,372.67,LOSS,0.00,-10.00,TEST
2026-02-01T14:02:55.400694+00:00,T1769954575400,1307385,"Bitcoin Up or Down - February 1, 9:00AM-9:15AM ET",DOWN,0.4250,0.5200,0.0950,78237.20,10.00,372.67,385.96,WIN,23.29,13.29,TEST
2026-02-01T14:17:52.861881+00:00,T1769955472861,1307568,"Bitcoin Up or Down - February 1, 9:15AM-9:30AM ET",DOWN,0.4250,0.5200,0.0950,78080.00,10.00,362.67,375.96,WIN,23.29,13.29,TEST
2026-02-01T15:16:50.811043+00:00,T1769959010811,1307935,"Bitcoin Up or Down - February 1, 10:15AM-10:30AM E",DOWN,0.4750,0.5200,0.0450,77482.47,10.00,399.26,389.26,LOSS,0.00,-10.00,TEST
2026-02-01T16:17:02.776205+00:00,T1769962622776,1308231,"Bitcoin Up or Down - February 1, 11:15AM-11:30AM E",DOWN,0.4650,0.5500,0.0850,77411.17,10.00,389.26,379.26,LOSS,0.00,-10.00,TEST
2026-02-01T17:31:45.568471+00:00,T1769967105568,1308758,"Bitcoin Up or Down - February 1, 12:30PM-12:45PM E",DOWN,0.4850,0.5200,0.0350,77460.01,10.00,379.26,389.67,WIN,20.41,10.41,TEST
2026-02-01T19:15:31.212241+00:00,T1769973331212,1309562,"Bitcoin Up or Down - February 1, 2:15PM-2:30PM ET",DOWN,0.4550,0.5200,0.0650,77711.14,10.00,389.67,401.43,WIN,21.76,11.76,TEST
2026-02-01T19:45:08.603517+00:00,T1769975108603,1309604,"Bitcoin Up or Down - February 1, 2:45PM-3:00PM ET",DOWN,0.4650,0.5200,0.0550,77471.59,10.00,401.43,391.43,LOSS,0.00,-10.00,TEST
2026-02-01T21:02:48.613944+00:00,T1769979768613,1310047,"Bitcoin Up or Down - February 1, 4:00PM-4:15PM ET",DOWN,0.4650,0.5200,0.0550,77012.23,10.00,391.43,402.72,WIN,21.29,11.29,TEST
2026-02-01T21:59:37.869979+00:00,T1769983177869,SIM-BTC-15,Will BTC price be higher in 15 minutes? (15-min pr,DOWN,0.4998,0.5500,0.0502,76449.98,3.00,100.00,102.94,WIN,5.94,2.94,TEST
2026-02-01T21:45:01.984511+00:00,T1769982301984,1310246,"Bitcoin Up or Down - February 1, 4:45PM-5:00PM ET",DOWN,0.4950,0.5500,0.0550,76818.82,10.00,402.72,412.72,WIN,20.00,10.00,TEST
